musicId,Arousal,Valence
1,-0.28845312,0.076105
4,-0.56345312,-0.498895
5,-0.78845312,-0.673895
6,-0.06345312,-0.373895
7,0.31154688,0.376105
8,-0.31345312,-0.623895
9,-0.18845312,-0.498895
10,-0.21345312,-0.223895
12,0.28654688,0.076105
13,0.56154688,0.101105
14,0.03654688,0.076105
15,0.13654688,0.251105
16,-0.01345312,0.076105
17,0.56154688,0.276105
18,0.51154688,0.601105
19,0.43654688,0.426105
20,0.01154688,0.201105
21,0.63654688,0.476105
23,0.16154688,0.276105
25,0.434274153,0.494286818
26,0.56154688,0.451105
28,-0.11345312,0.076105
29,0.31154688,0.276105
30,0.13654688,0.001105
31,0.16154688,-0.198895
32,0.06154688,-0.298895
33,0.18654688,0.426105
34,0.28654688,0.601105
35,-0.41345312,0.176105
37,0.51154688,0.426105
38,0.68654688,0.601105
39,0.66154688,0.107923182
40,-0.33845312,0.251105
42,0.43654688,0.126105
43,0.63654688,0.501105
44,0.28654688,0.276105
46,0.58654688,0.076105
47,-0.28845312,-0.148895
48,0.36154688,0.601105
49,0.48654688,0.351105
50,0.58654688,0.101105
51,0.56154688,0.451105
52,0.08654688,-0.148895
54,0.66154688,0.476105
55,0.16154688,-0.273895
56,-0.26345312,-0.523895
57,-0.03845312,-0.348895
58,-0.56345312,-0.573895
59,0.11154688,0.126105
60,-0.247544029,-0.255713182
61,-0.33845312,-0.523895
63,-0.33845312,-0.148895
65,0.08654688,0.426105
66,0.63654688,0.451105
67,0.51154688,0.101105
68,0.21154688,0.076105
69,0.33654688,0.476105
70,0.06154688,-0.023895
71,0.43654688,0.101105
72,0.41154688,0.301105
73,-0.01345312,0.301105
74,0.68654688,0.476105
75,0.83654688,0.401105
76,0.18654688,0.226105
78,-0.08845312,0.244286818
79,0.76154688,0.176105
80,0.36154688,0.451105
81,0.13654688,0.326105
83,0.46154688,0.376105
84,-0.08845312,0.526105
86,0.31154688,0.376105
87,0.23654688,0.126105
88,0.16154688,0.101105
89,0.28654688,0.426105
90,0.21154688,-0.098895
91,0.63654688,0.401105
92,0.21154688,0.076105
93,0.13654688,0.226105
94,0.43654688,0.526105
96,0.66154688,0.576105
97,0.61154688,0.426105
98,0.38654688,0.226105
99,0.28654688,0.301105
100,-0.73845312,-0.473895
102,0.38654688,0.576105
103,0.08654688,0.476105
104,0.58654688,0.576105
105,-0.53845312,-0.298895
106,0.31154688,0.276105
107,0.11154688,0.151105
108,0.63654688,0.651105
109,0.51154688,0.501105
113,0.41154688,0.351105
114,0.38654688,0.401105
115,0.51154688,0.526105
116,0.71154688,0.451105
117,0.61154688,0.326105
119,-0.11345312,0.251105
120,0.43654688,0.451105
123,-0.46345312,-0.098895
124,0.71154688,0.601105
126,0.31154688,0.326105
127,0.53654688,0.576105
128,-0.06345312,0.126105
132,0.61154688,0.351105
133,0.46154688,0.401105
134,0.51154688,0.351105
135,0.38654688,-0.273895
136,0.16154688,-0.023895
137,0.43654688,0.326105
138,0.23654688,0.101105
139,0.33654688,0.476105
140,0.03654688,0.226105
141,-0.01345312,0.226105
142,0.11154688,0.176105
143,0.03654688,0.176105
144,0.63654688,0.576105
145,0.43654688,0.426105
146,0.23654688,0.401105
147,0.01154688,0.226105
148,-0.28845312,-0.073895
149,-0.31345312,-0.548895
150,0.38654688,0.376105
151,-0.43845312,0.151105
152,0.56154688,0.376105
153,0.26154688,0.226105
156,0.23654688,0.026105
157,-0.020271302,0.289741364
158,0.36154688,0.501105
159,0.66154688,0.276105
160,0.56154688,0.551105
161,0.63654688,0.351105
162,0.66154688,0.401105
165,0.38654688,0.276105
166,0.16154688,0.076105
167,0.68654688,0.476105
168,0.33654688,0.176105
169,0.26154688,0.126105
170,-0.48845312,0.126105
171,0.61154688,0.551105
172,0.18654688,0.176105
174,-0.133907665,-0.005713182
175,-0.13845312,-0.173895
176,0.33654688,0.226105
177,0.01154688,0.001105
179,0.38654688,-0.448895
180,0.06154688,0.301105
181,-0.11345312,0.176105
184,0.56154688,0.201105
185,0.23654688,-0.123895
186,0.56154688,0.351105
187,0.31154688,0.276105
188,-0.46345312,-0.273895
189,0.28654688,0.201105
191,0.43654688,0.576105
192,0.78654688,0.001105
196,-0.21345312,-0.348895
197,-0.41345312,-0.198895
198,0.638819607,0.426105
199,0.48654688,0.301105
200,0.31154688,0.051105
201,0.16154688,0.301105
202,0.61154688,0.451105
203,0.46154688,0.301105
204,0.38654688,0.101105
207,0.61154688,0.401105
209,0.28654688,0.476105
210,0.53654688,0.376105
211,0.21154688,0.226105
212,0.23654688,0.126105
213,0.03654688,-0.348895
215,-0.03845312,-0.048895
216,0.21154688,0.251105
217,0.13654688,0.076105
219,0.58654688,0.426105
220,0.28654688,0.276105
221,0.53654688,0.326105
222,0.23654688,-0.373895
224,0.08654688,-0.073895
225,-0.26345312,-0.023895
227,-0.13845312,-0.223895
228,0.01154688,-0.223895
229,-0.18845312,-0.273895
230,-0.36345312,0.401105
231,-0.01345312,0.026105
232,-0.26345312,-0.123895
233,-0.28845312,-0.098895
234,-0.31345312,-0.198895
235,-0.18845312,0.326105
236,-0.46345312,-0.473895
237,-0.03845312,-0.448895
238,0.18654688,0.051105
239,0.16154688,0.301105
241,-0.03845312,0.051105
242,0.16154688,0.151105
244,-0.51345312,-0.248895
249,-0.01345312,-0.173895
251,-0.224816756,-0.142076818
252,-0.81345312,-0.348895
253,0.13654688,-0.023895
257,-0.26345312,-0.448895
258,0.26154688,-0.123895
260,-0.16345312,-0.473895
263,-0.26345312,-0.373895
265,-0.06345312,0.276105
267,-0.53845312,-0.373895
269,0.08654688,0.201105
273,-0.41345312,-0.348895
275,-0.41345312,-0.248895
276,0.21154688,-0.048895
277,-0.68845312,-0.298895
279,-0.36345312,-0.148895
280,-0.43845312,-0.023895
282,-0.01345312,-0.023895
283,0.06154688,0.001105
284,-0.16345312,-0.098895
285,-0.06345312,-0.023895
287,-0.08845312,0.301105
292,0.81154688,0.651105
293,0.18654688,0.201105
294,0.31154688,0.026105
295,0.36154688,0.426105
296,0.53654688,0.526105
297,0.26154688,0.326105
298,0.36154688,0.401105
299,-0.58845312,0.226105
300,0.01154688,0.451105
301,0.56154688,0.501105
302,-0.08845312,0.076105
303,0.38654688,0.151105
304,0.71154688,0.401105
305,0.78654688,0.426105
306,0.46154688,0.676105
307,0.71154688,0.076105
308,0.53654688,0.626105
309,-0.38845312,-0.298895
310,-0.28845312,0.276105
312,0.58654688,0.501105
313,-0.01345312,0.251105
314,0.03654688,0.226105
315,0.61154688,0.226105
316,0.68654688,0.651105
317,0.76154688,0.651105
318,0.36154688,0.576105
319,0.38654688,-0.073895
321,0.28654688,-0.098895
323,0.63654688,0.376105
324,0.68654688,0.026105
325,-0.11345312,0.151105
326,0.28654688,0.326105
327,0.43654688,0.401105
329,0.78654688,0.501105
331,0.61154688,0.526105
332,0.43654688,0.376105
333,0.48654688,0.476105
334,0.16154688,0.051105
336,0.41154688,0.376105
337,0.26154688,0.551105
338,0.56154688,0.351105
339,0.36154688,0.501105
341,0.61154688,0.526105
342,0.41154688,0.301105
343,0.21154688,0.026105
347,-0.71345312,-0.398895
348,-0.16345312,-0.473895
349,-0.53845312,-0.398895
350,-0.56345312,-0.323895
351,-0.53845312,0.026105
353,-0.03845312,0.101105
354,-0.38845312,-0.048895
355,-0.18845312,-0.423895
356,-0.13845312,0.051105
358,-0.31345312,0.301105
360,0.08654688,0.026105
361,0.13654688,0.026105
362,-0.28845312,-0.148895
364,-0.33845312,-0.273895
366,-0.56345312,-0.498895
367,0.13654688,-0.448895
368,0.11154688,0.076105
370,-0.28845312,-0.573895
372,0.56154688,-0.723895
373,0.61154688,0.376105
375,0.38654688,0.476105
376,0.11154688,0.251105
379,0.78654688,0.751105
381,0.78654688,0.526105
382,0.684274153,0.653377727
383,-0.08845312,-0.248895
385,0.56154688,0.426105
386,0.03654688,0.101105
388,0.06154688,0.351105
389,-0.63845312,-0.348895
391,0.61154688,0.126105
393,-0.01345312,-0.148895
394,0.41154688,0.276105
395,0.33654688,0.276105
396,0.21154688,0.351105
397,-0.18845312,-0.398895
398,-0.21345312,-0.198895
399,0.13654688,-0.173895
401,-0.38845312,-0.573895
402,0.61154688,0.301105
403,0.43654688,0.551105
405,0.38654688,0.351105
407,0.48654688,0.051105
408,0.73654688,0.151105
409,0.73654688,0.251105
410,0.31154688,-0.173895
411,-0.73845312,0.201105
412,-0.08845312,-0.198895
413,0.06154688,0.276105
414,0.070637789,0.017014091
415,-0.133907665,-0.028440455
417,0.63654688,0.476105
418,-0.23845312,-0.323895
419,-0.91345312,-0.623895
420,0.46154688,0.026105
421,0.61154688,0.376105
423,0.68654688,0.226105
424,0.01154688,0.226105
425,0.81154688,0.551105
426,0.56154688,0.351105
427,0.46154688,0.326105
428,-0.11345312,0.051105
429,-0.63845312,-0.273895
431,-0.03845312,0.201105
432,-0.33845312,-0.273895
433,-0.36345312,-0.073895
434,-0.06345312,-0.298895
435,-0.53845312,-0.373895
436,-0.58845312,-0.373895
437,-0.71345312,-0.323895
438,-0.41345312,-0.423895
439,-0.63845312,-0.548895
440,-0.48845312,-0.498895
441,0.26154688,0.301105
442,0.33654688,0.151105
443,0.31154688,0.276105
444,0.38654688,0.451105
445,0.08654688,-0.148895
446,-0.23845312,-0.098895
447,0.08654688,0.126105
448,0.46154688,0.401105
449,0.31154688,0.401105
450,0.41154688,0.451105
451,0.71154688,0.601105
452,0.21154688,0.401105
454,0.58654688,0.551105
455,0.66154688,0.401105
456,0.31154688,-0.023895
457,0.23654688,0.501105
458,0.41154688,0.401105
460,0.51154688,0.326105
461,-0.33845312,0.201105
462,-0.26345312,0.226105
463,-0.48845312,0.051105
465,-0.41345312,-0.223895
466,0.21154688,0.401105
468,0.43654688,0.501105
469,0.33654688,0.351105
470,0.43654688,0.626105
471,0.66154688,0.501105
472,0.13654688,0.251105
476,0.31154688,0.651105
477,0.06154688,0.351105
478,0.21154688,0.276105
479,-0.63845312,-0.298895
480,0.48654688,0.201105
481,0.28654688,0.151105
482,0.025183244,0.062468636
483,0.06154688,-0.048895
484,0.26154688,0.176105
485,0.33654688,0.326105
486,-0.33845312,0.076105
487,0.51154688,0.476105
488,0.23654688,0.126105
489,0.729728698,0.517014091
490,0.56154688,0.301105
491,0.06154688,-0.198895
492,0.71154688,0.501105
493,0.38654688,0.426105
494,0.51154688,-0.148895
495,0.58654688,-0.123895
496,0.23654688,0.001105
499,0.63654688,0.576105
500,0.31154688,-0.223895
501,0.58654688,0.551105
503,0.138819607,-0.096622273
504,0.26154688,0.276105
505,0.21154688,0.151105
506,-0.53845312,-0.323895
507,0.51154688,0.251105
508,-0.36345312,0.001105
510,0.33654688,0.576105
511,0.28654688,0.401105
512,-0.46345312,-0.223895
514,0.61154688,0.426105
515,0.13654688,0.501105
516,-0.28845312,-0.148895
517,-0.56345312,-0.223895
518,-0.23845312,-0.048895
519,-0.38845312,-0.548895
520,0.23654688,-0.773895
521,-0.06345312,-0.323895
522,-0.01345312,-0.148895
523,-0.41345312,-0.398895
524,-0.06345312,-0.523895
525,-0.61345312,-0.523895
526,-0.16345312,-0.023895
530,-0.497544029,-0.392076818
531,-0.63845312,-0.473895
532,-0.01345312,-0.398895
534,-0.76345312,-0.498895
535,0.43654688,0.501105
536,0.48654688,0.576105
537,0.43654688,0.351105
539,0.13654688,0.226105
540,-0.06345312,-0.298895
541,-0.53845312,-0.373895
542,0.33654688,0.151105
544,-0.18845312,0.176105
546,0.48654688,0.076105
548,-0.18845312,0.026105
549,-0.21345312,-0.448895
550,-0.21345312,-0.323895
551,-0.51345312,-0.323895
552,0.61154688,0.551105
554,0.23654688,0.226105
555,0.43654688,0.301105
558,0.01154688,-0.048895
560,0.23654688,-0.048895
561,0.56154688,0.701105
562,0.38654688,0.301105
563,0.38654688,0.301105
564,0.71154688,-0.123895
565,0.36154688,0.201105
566,0.46154688,0.376105
567,0.66154688,0.576105
568,0.86154688,0.576105
569,0.31154688,0.226105
570,0.38654688,0.001105
571,0.23654688,0.376105
572,0.38654688,-0.023895
573,0.43654688,0.451105
574,0.48654688,0.476105
575,0.56154688,0.501105
576,0.33654688,0.351105
577,0.18654688,0.076105
578,-0.16345312,0.176105
579,-0.56345312,-0.623895
580,0.61154688,0.501105
582,-0.26345312,-0.073895
583,-0.06345312,-0.073895
584,-0.33845312,-0.148895
585,-0.03845312,-0.148895
587,-0.31345312,0.126105
588,0.31154688,0.476105
589,0.01154688,-0.098895
590,-0.16345312,-0.348895
591,-0.58845312,-0.373895
592,-0.26345312,-0.248895
594,-0.06345312,-0.198895
595,-0.31345312,-0.273895
597,0.51154688,0.326105
598,0.61154688,0.551105
599,0.01154688,0.026105
600,-0.26345312,0.226105
601,0.28654688,0.326105
602,0.13654688,0.001105
603,0.53654688,0.351105
605,0.78654688,0.676105
606,0.66154688,0.526105
607,0.33654688,0.201105
608,0.18654688,0.051105
609,-0.21345312,-0.048895
611,0.26154688,-0.123895
612,-0.16345312,-0.323895
613,0.08654688,0.301105
614,-0.51345312,-0.098895
615,0.38654688,0.276105
616,0.63654688,0.501105
617,0.68654688,0.551105
621,-0.36345312,0.026105
622,0.53654688,0.276105
623,0.61154688,0.476105
624,0.06154688,0.026105
625,0.41154688,0.226105
626,0.78654688,0.476105
627,0.13654688,0.276105
628,0.13654688,0.176105
629,0.33654688,0.051105
630,0.21154688,0.476105
631,0.01154688,0.051105
632,0.63654688,0.301105
634,-0.63845312,-0.598895
635,0.18654688,0.576105
636,0.43654688,0.426105
637,0.46154688,0.226105
638,0.46154688,0.476105
639,0.46154688,0.301105
643,0.01154688,0.101105
644,0.38654688,0.451105
645,0.11154688,0.151105
646,0.63654688,0.501105
647,0.03654688,0.151105
648,0.28654688,0.326105
649,-0.21345312,-0.448895
650,0.18654688,0.001105
651,0.56154688,0.476105
652,0.01154688,0.276105
653,0.06154688,0.251105
654,0.68654688,0.676105
656,-0.11345312,-0.248895
657,0.11154688,-0.048895
659,-0.31345312,-0.323895
660,0.58654688,0.576105
661,0.18654688,0.026105
662,0.26154688,-0.023895
665,0.41154688,0.426105
666,0.26154688,0.326105
668,0.36154688,0.226105
670,-0.38845312,-0.223895
671,0.26154688,-0.248895
672,0.01154688,-0.148895
673,-0.06345312,-0.673895
674,-0.31345312,-0.573895
675,-0.46345312,-0.473895
676,0.01154688,-0.123895
677,0.03654688,-0.348895
678,0.48654688,0.651105
679,0.31154688,0.126105
681,0.51154688,0.326105
682,0.46154688,0.151105
683,-0.61345312,0.401105
684,-0.33845312,-0.173895
685,0.16154688,0.401105
686,0.11154688,0.376105
688,-0.16345312,-0.148895
689,-0.23845312,-0.373895
692,-0.08845312,-0.048895
693,0.11154688,-0.273895
694,-0.31345312,-0.398895
697,0.31154688,-0.098895
698,-0.36345312,-0.548895
699,0.33654688,0.476105
700,-0.38845312,-0.123895
703,0.002455971,0.017014091
704,0.16154688,0.326105
705,-0.71345312,-0.198895
706,-0.28845312,0.151105
707,-0.46345312,-0.473895
708,0.23654688,0.101105
710,0.48654688,0.476105
711,-0.03845312,0.276105
713,0.28654688,0.401105
715,-0.43845312,-0.023895
716,-0.08845312,-0.023895
717,-0.01345312,0.301105
718,-0.06345312,0.101105
719,-0.03845312,0.051105
720,0.38654688,0.201105
722,0.06154688,0.226105
726,0.38654688,0.351105
727,0.01154688,-0.123895
728,-0.21345312,-0.523895
729,-0.03845312,-0.273895
730,0.01154688,0.076105
731,0.28654688,0.326105
732,0.18654688,0.151105
733,-0.08845312,0.126105
734,0.58654688,0.576105
736,-0.11345312,-0.248895
738,0.08654688,0.351105
739,0.28654688,0.301105
740,0.502455971,0.426105
741,-0.13845312,-0.223895
742,0.36154688,0.376105
743,0.61154688,0.376105
744,0.53654688,0.376105
745,0.41154688,0.151105
746,0.23654688,0.501105
747,0.51154688,0.476105
748,-0.36345312,-0.148895
749,-0.03845312,-0.098895
750,-0.28845312,-0.548895
751,0.08654688,-0.023895
752,0.58654688,0.501105
753,0.43654688,0.176105
754,0.21154688,0.526105
755,-0.06345312,0.176105
757,0.23654688,-0.323895
758,0.58654688,0.176105
759,0.38654688,0.601105
760,0.48654688,0.401105
761,0.46154688,0.501105
763,-0.31345312,0.026105
765,0.51154688,0.451105
767,-0.13845312,-0.048895
769,-0.03845312,-0.123895
770,0.03654688,0.151105
771,-0.23845312,0.051105
772,0.58654688,0.151105
773,0.41154688,0.226105
774,0.18654688,0.426105
775,-0.41345312,-0.123895
776,0.18654688,-0.048895
777,-0.03845312,-0.123895
778,0.73654688,0.551105
779,0.41154688,-0.248895
780,-0.06345312,-0.198895
783,-0.13845312,-0.173895
784,-0.18845312,-0.373895
786,0.36154688,-0.173895
788,0.13654688,-0.023895
789,-0.38845312,-0.823895
790,0.28654688,0.376105
791,0.48654688,0.351105
792,0.61154688,0.176105
793,0.33654688,0.201105
794,0.06154688,0.076105
796,0.11154688,-0.323895
797,0.18654688,0.476105
798,0.38654688,0.126105
799,0.43654688,0.001105
801,-0.41345312,-0.498895
803,0.28654688,0.426105
804,0.26154688,0.226105
806,0.13654688,0.376105
807,-0.41345312,-0.348895
808,-0.43845312,-0.573895
809,-0.71345312,0.226105
810,-0.26345312,0.226105
812,0.51154688,0.301105
813,0.26154688,0.276105
814,0.33654688,0.401105
815,-0.51345312,-0.448895
816,-0.48845312,-0.223895
818,-0.53845312,-0.798895
820,0.23654688,0.126105
821,0.48654688,0.426105
823,0.26154688,0.251105
824,0.63654688,0.576105
825,-0.01345312,0.601105
827,0.11154688,0.576105
828,0.21154688,0.126105
829,0.51154688,0.551105
830,0.46154688,0.126105
831,0.58654688,0.751105
832,0.61154688,0.176105
833,0.51154688,0.326105
834,0.68654688,0.551105
835,0.23654688,0.151105
836,0.68654688,0.501105
837,0.38654688,0.376105
839,0.41154688,0.176105
842,0.11154688,-0.373895
844,0.48654688,0.426105
846,0.76154688,0.001105
847,-0.06345312,0.451105
848,0.33654688,-0.048895
850,0.46154688,0.151105
851,-0.16345312,-0.248895
852,-0.11345312,-0.173895
853,0.21154688,0.176105
854,0.58654688,0.501105
855,0.66154688,0.476105
857,0.26154688,-0.648895
858,0.16154688,0.151105
859,0.08654688,0.376105
860,0.26154688,0.201105
861,0.43654688,0.451105
862,0.68654688,0.626105
863,0.06154688,0.176105
864,-0.111180393,-0.255713182
865,0.68654688,0.501105
868,0.31154688,0.176105
869,-0.18845312,-0.048895
870,0.21154688,0.051105
871,0.41154688,0.226105
876,0.46154688,0.476105
879,-0.11345312,0.201105
880,0.26154688,0.001105
881,0.08654688,0.126105
882,0.61154688,0.126105
883,0.63654688,0.376105
884,0.33654688,0.451105
885,-0.23845312,-0.098895
886,-0.03845312,0.376105
888,0.26154688,0.276105
889,0.58654688,0.426105
890,0.48654688,0.501105
892,0.23654688,0.226105
894,-0.33845312,-0.323895
895,0.18654688,-0.048895
896,0.434274153,0.198832273
897,-0.31345312,0.051105
900,0.21154688,0.001105
903,0.43654688,0.126105
904,0.31154688,0.051105
905,-0.13845312,0.076105
906,-0.43845312,-0.198895
907,-0.08845312,0.051105
908,0.41154688,0.251105
909,0.56154688,0.251105
911,-0.03845312,-0.298895
913,-0.38845312,-0.523895
915,0.28654688,0.076105
916,-0.66345312,-0.398895
917,0.38654688,0.251105
918,-0.28845312,0.201105
919,0.11154688,0.401105
921,-0.13845312,0.051105
922,0.43654688,0.401105
924,0.13654688,0.226105
925,0.08654688,0.151105
926,-0.58845312,-0.098895
927,0.03654688,0.226105
928,0.58654688,0.576105
929,0.11154688,-0.398895
931,-0.21345312,-0.073895
932,0.31154688,0.251105
933,0.53654688,0.401105
934,-0.11345312,-0.298895
935,-0.065725847,-0.301167727
936,-0.26345312,-0.173895
937,0.11154688,0.101105
938,0.36154688,0.426105
939,0.36154688,0.251105
940,0.16154688,-0.073895
941,-0.83845312,-0.473895
943,0.16154688,-0.098895
945,0.26154688,0.076105
946,-0.23845312,-0.273895
948,-0.11345312,-0.273895
950,0.31154688,0.301105
951,0.16154688,0.426105
952,-0.03845312,-0.098895
953,-0.41345312,0.026105
957,-0.03845312,-0.398895
958,0.56154688,0.651105
959,0.51154688,-0.173895
962,0.18654688,-0.673895
964,-0.01345312,0.126105
965,-0.08845312,0.001105
966,0.06154688,-0.173895
967,0.26154688,-0.048895
968,-0.11345312,-0.273895
969,-0.06345312,-0.723895
970,0.31154688,-0.098895
971,0.08654688,0.026105
973,0.06154688,0.126105
974,0.16154688,0.101105
978,0.28654688,0.376105
979,-0.36345312,-0.048895
980,0.18654688,0.376105
981,0.51154688,0.126105
983,0.46154688,-0.073895
984,0.56154688,0.401105
985,0.41154688,0.326105
989,0.06154688,-0.448895
992,-0.16345312,-0.348895
993,0.63654688,0.451105
996,0.66154688,0.051105
997,0.33654688,0.251105
999,0.66154688,0.476105
1000,0.23654688,0.076105
2002,-0.354826658,-0.371664525
2003,-0.279826658,-0.271664525
2004,0.270173343,0.278335475
2005,0.220173343,-0.046664525
2007,0.495173343,0.303335475
2008,0.095173342,-0.346664525
2010,0.070173343,-0.146664525
2012,0.345173343,0.228335475
2013,-0.104826658,-0.346664525
2017,0.395173343,-0.046664525
2018,-0.129826658,0.053335475
2019,-0.029826658,0.328335475
2020,0.520173343,0.203335475
2021,0.470173343,0.503335475
2022,0.095173342,-0.146664525
2024,-0.129826658,0.178335475
2025,0.070173343,0.828335475
2031,-0.154826658,0.028335475
2032,-0.279826658,-0.096664525
2035,0.520173343,0.053335475
2037,0.220173343,0.503335475
2039,0.245173343,0.678335475
2040,0.095173342,0.003335475
2041,0.170173343,-0.071664525
2042,0.170173343,0.378335475
2043,-0.229826658,0.528335475
2044,0.120173343,-0.171664525
2045,-0.579826658,0.128335475
2046,-0.104826658,0.178335475
2047,-0.004826658,-0.046664525
2048,0.095173342,-0.021664525
2049,0.220173343,-0.171664525
2050,0.095173342,-0.246664525
2051,-0.304826658,-0.246664525
2052,0.170173343,0.003335475
2053,0.209,-0.071664525
2054,-0.279826658,-0.371664525
2055,0.245173343,0.303335475
2056,0,0.453335475
2000,-0.254826658,-0.321664525
2059,-0.079826658,0.178335475
2060,0.495173343,-0.071664525
2062,-0.129826658,0.403335475
2064,0.120173343,-0.246664525
2065,0.345173343,0.453335475
2067,0.595173343,0.653335475
2068,0.120173343,-0.196664525
2069,-0.129826658,-0.346664525
2070,-0.204826658,-0.046664525
2071,-0.179826658,0.328335475
2072,0.295173343,0.528335475
2073,0.295173343,0.303335475
2074,-0.029826658,-0.396664525
2076,-0.304826658,-0.071664525
2077,-0.379826658,-0.096664525
2078,-0.129826658,-0.296664525
2079,0.270173343,0.228335475
2080,0.170173343,0.353335475
2081,-0.129826658,0.378335475
2082,-0.229826658,-0.421664525
2083,0.345173343,0.378335475
2084,0.295173343,0.328335475
2085,0.445173343,0.628335475
2086,0.295173343,0.203335475
2087,-0.454826658,0.178335475
2088,0.270173343,0.528335475
2089,0.095173342,-0.021664525
2090,-0.054826658,-0.071664525
2091,0.270173343,-0.021664525
2092,0.070173343,0.303335475
2093,0.395173343,0.653335475
2095,0.045173342,-0.321664525
2096,0.620173343,0.553335475
2098,-0.429826658,-0.071664525
2099,-0.079826658,-0.071664525
2101,-0.404826658,-0.296664525
2102,0.245173343,0.478335475
2103,-0.279826658,0.253335475
2104,-0.279826658,0.378335475
2105,0.145173343,0.478335475
2106,-0.279826658,0.003335475
2107,0.095173342,0.353335475
2108,-0.054826658,-0.021664525
2109,0.020173342,-0.046664525
2110,-0.404826658,-0.046664525
2111,0.220173343,0.178335475
2112,0.495173343,0.553335475
2113,-0.154826658,0.203335475
2114,0.320173343,0.053335475
2115,0.845173343,0.953335475
2116,-0.129826658,-0.046664525
2117,0.145173343,-0.171664525
2118,0.045173342,0.078335475
2119,-0.304826658,-0.071664525
2120,0.145173343,-0.196664525
2121,-0.129826658,-0.371664525
2122,0.045173342,0.228335475
2123,0.445173343,0.378335475
2124,-0.404826658,-0.221664525
2125,-0.054826658,-0.021664525
2126,0.420173343,0.128335475
2127,0.220173343,-0.396664525
2128,-0.104826658,-0.246664525
2129,0.395173343,-0.096664525
2130,-0.054826658,-0.321664525
2131,0.120173343,0.378335475
2133,-0.554826658,-0.446664525
2134,0.395173343,0.203335475
2135,-0.229826658,-0.221664525
2136,0.445173343,0.553335475
2137,0.345173343,-0.071664525
2138,-0.504826658,-0.196664525
2140,0.020173342,-0.096664525
2142,0.095173342,0.003335475
2143,0.120173343,-0.146664525
2144,0.070173343,-0.296664525
2145,0.245173343,-0.371664525
2146,-0.229826658,-0.546664525
2148,0.145173343,0.028335475
2149,-0.329826658,-0.296664525
2150,0.245173343,0.103335475
2151,0.020173342,-0.146664525
2152,0.295173343,-0.046664525
2153,0.020173342,-0.171664525
2154,-0.079826658,-0.096664525
2155,0.245173343,-0.246664525
2156,0.570173343,0.453335475
2157,0.445173343,-0.146664525
2158,-0.204826658,-0.621664525
2159,-0.329826658,-0.196664525
2160,-0.229826658,-0.271664525
2161,-0.229826658,0.428335475
2162,0.045173342,-0.221664525
2163,0.020173342,-0.246664525
2164,-0.379826658,-0.121664525
2166,-0.054826658,-0.371664525
2167,-0.279826658,-0.471664525
2168,-0.254826658,-0.321664525
2169,-0.404826658,-0.546664525
2170,0.145173343,-0.396664525
2171,-0.204826658,-0.621664525
2172,0.145173343,-0.196664525
2173,-0.554826658,0.003335475
2174,-0.154826658,-0.146664525
2175,-0.029826658,-0.221664525
2176,-0.129826658,-0.546664525
2177,0.295173343,0.053335475
2178,-0.179826658,-0.446664525
2179,0.395173343,0.153335475
2180,0.370173343,0.053335475
2181,-0.479826658,-0.221664525
2182,-0.179826658,-0.596664525
2184,-0.254826658,-0.246664525
2185,0.045173342,0.078335475
2186,-0.104826658,-0.221664525
2187,-0.179826658,-0.521664525
2188,-0.279826658,-0.146664525
2189,0.670173343,0.478335475
2190,-0.329826658,-0.446664525
2191,0.470173343,0.128335475
2192,0.420173343,0.303335475
2193,-0.354826658,-0.121664525
2194,0.070173343,-0.471664525
2195,-0.429826658,-0.096664525
2196,0.020173342,-0.071664525
2197,-0.404826658,-0.596664525
2198,-0.279826658,-0.671664525
2199,0.320173343,0.178335475
2201,0.095173342,-0.221664525
2202,0.195173343,0.003335475
2203,0.095173342,-0.271664525
2204,-0.554826658,-0.246664525
2205,0.020173342,-0.396664525
2206,-0.454826658,-0.571664525
2207,0.095173342,0.053335475
2208,0.520173343,0.053335475
2209,0.045173342,-0.371664525
2210,0.270173343,-0.096664525
2211,0.120173343,-0.371664525
2212,0.245173343,0.003335475
2213,-0.479826658,-0.496664525
2214,-0.079826658,-0.246664525
2215,-0.454826658,-0.346664525
2216,0.220173343,-0.021664525
2217,0.095173342,-0.271664525
2218,-0.104826658,-0.421664525
2219,-0.154826658,-0.546664525
2220,-0.254826658,-0.121664525
2221,-0.254826658,-0.071664525
2222,-0.029826658,-0.196664525
2223,-0.229826658,-0.596664525
2224,0.320173343,0.228335475
2225,-0.054826658,-0.221664525
2226,0.145173343,0.078335475
2227,-0.229826658,-0.371664525
2228,-0.104826658,-0.271664525
2229,0.095173342,0.053335475
2231,0.295173343,-0.121664525
2232,-0.429826658,-0.521664525
2233,0.020173342,0.028335475
2234,-0.129826658,-0.271664525
2235,-0.179826658,-0.396664525
2236,-0.504826658,-0.521664525
2237,-0.129826658,-0.096664525
2238,0.045173342,-0.396664525
2239,-0.279826658,-0.571664525
2240,0.545173343,0.453335475
2241,0.045173342,-0.121664525
2242,0.070173343,-0.271664525
2243,-0.079826658,0.653335475
2244,-0.054826658,-0.071664525
2245,0.420173343,-0.096664525
2246,-0.304826658,0.078335475
2247,0.020173342,-0.171664525
2248,-0.179826658,-0.296664525
2250,-0.204826658,-0.296664525
2253,-0.479826658,0.503335475
2254,0.745173343,0.178335475
2257,0.620173343,0.753335475
2258,-0.029826658,-0.071664525
2260,-0.204826658,0.178335475
2262,0.620173343,0.253335475
2264,0.270173343,0.178335475
2265,0.495173343,-0.021664525
2266,0.095173342,-0.246664525
2269,0.095173342,-0.071664525
2270,0.670173343,0.378335475
2272,0.495173343,0.328335475
2273,0.695173343,0.203335475
2274,0.395173343,0.778335475
2275,0.270173343,0.178335475
2276,0.220173343,0.378335475
2278,0.170173343,0.228335475
2279,0.070173343,-0.246664525
2280,-0.279826658,-0.096664525
2281,0.645173343,0.203335475
2282,-0.054826658,-0.346664525
2284,0.195173343,-0.046664525
2285,0.170173343,-0.271664525
2286,0.620173343,0.278335475
2288,0.195173343,-0.271664525
2289,0.570173343,0.278335475
2290,-0.129826658,-0.621664525
2292,0.745173343,0.678335475
2293,-0.054826658,0.428335475
2294,0.520173343,0.228335475
2296,0.320173343,0.328335475
2297,-0.204826658,-0.371664525
2298,0.245173343,-0.146664525
2299,-0.029826658,-0.446664525
2300,0.020173342,0.553335475
2301,-0.179826658,-0.346664525
2302,0.645173343,0.503335475
2303,0.495173343,0.603335475
2304,0.045173342,-0.196664525
2305,0.595173343,0.453335475
2306,0.570173343,0.278335475
2307,0.595173343,0.378335475
2308,0.545173343,-0.071664525
2309,0.345173343,0.178335475
2310,-0.429826658,-0.621664525
2311,0.620173343,0.303335475
2312,0.345173343,0.003335475
2313,0.220173343,-0.246664525
2314,0.370173343,0.303335475
2315,0.770173343,0.453335475
2316,-0.229826658,-0.446664525
2317,-0.029826658,0.378335475
2318,0.370173343,0.328335475
2319,0.545173343,-0.021664525
2320,0.545173343,0.703335475
2321,0.395173343,0.678335475
2322,0.795173343,0.378335475
2323,0.327673343,0.058335475
2324,0.070173343,-0.321664525
2325,0.245173343,0.228335475
2326,0.695173343,0.203335475
2327,0.670173343,0.353335475
2328,-0.054826658,0.153335475
2329,-0.054826658,-0.321664525
2330,-0.329826658,0.328335475
2332,0.620173343,0.228335475
2333,0.420173343,0.528335475
2334,0.370173343,0.328335475
2335,0.595173343,0.553335475
2336,0.545173343,0.378335475
2338,-0.154826658,-0.396664525
2339,0.620173343,0.328335475
2340,0.045173342,-0.196664525
2341,-0.004826658,-0.196664525
2342,0.170173343,-0.146664525
2343,0.920173343,0.603335475
2344,0.195173343,0.003335475
2345,0.520173343,0.653335475
2346,0.720173343,0.528335475
2347,0.350173343,-0.191664525
2348,0.320173343,0.103335475
2349,0.345173343,0.003335475
2350,0.520173343,0.353335475
2352,0.020173342,0.228335475
2353,0.095173342,-0.146664525
2354,0.495173343,0.628335475
2355,0.520173343,0.128335475
2356,0.295173343,0.003335475
2357,0.520173343,0.053335475
2358,-0.054826658,0.253335475
2359,-0.179826658,-0.521664525
2360,0.270173343,-0.521664525
2361,-0.264826658,-0.509164525
2362,0.370173343,-0.146664525
2364,0.520173343,0.228335475
2365,0.670173343,0.353335475
2366,0.420173343,0.578335475
2367,-0.429826658,-0.371664525
2368,0.420173343,0.053335475
2369,-0.254826658,-0.421664525
2370,-0.254826658,-0.196664525
2371,0.545173343,0.153335475
2372,0.095173342,-0.246664525
2374,0.120173343,0.603335475
2375,-0.404826658,-0.671664525
2376,0.370173343,0.103335475
2378,0.370173343,0.228335475
2379,-0.379826658,-0.671664525
2380,0.095173342,0.253335475
2381,0.570173343,0.353335475
2383,-0.204826658,-0.096664525
2384,-0.079826658,-0.246664525
2386,0.270173343,0.103335475
2387,0.445173343,0.403335475
2390,0.445173343,0.278335475
2391,0.420173343,0.228335475
2392,0.095173342,-0.296664525
2393,0.495173343,0.353335475
2395,0.445173343,0.528335475
2397,0.645173343,0.603335475
2399,0.645173343,0.528335475
2400,0.295173343,0.128335475
2401,0.495173343,0.228335475
2402,0.670173343,0.628335475
2403,0.195173343,0.128335475
2404,0.595173343,0.578335475
2405,0.745173343,0.378335475
2406,-0.029826658,0.178335475
2407,0.020173342,-0.071664525
2408,0.420173343,0.503335475
2410,0.170173343,-0.196664525
2415,0.195173343,0.353335475
2416,0.195173343,0.228335475
2419,-0.104826658,-0.321664525
2420,0.245173343,-0.021664525
2422,-0.179826658,-0.446664525
2423,0.020173342,0.153335475
2425,0.595173343,0.628335475
2426,0.220173343,0.178335475
2427,0.345173343,0.153335475
2428,0.545173343,0.503335475
2429,-0.029826658,-0.321664525
2430,-0.379826658,-0.146664525
2431,0.270173343,0.378335475
2432,0.220173343,0.178335475
2435,0.370173343,-0.021664525
2436,0.195173343,-0.071664525
2437,-0.029826658,0.153335475
2440,0.470173343,0.178335475
2441,0.170173343,0.003335475
2442,0.020173342,-0.121664525
2444,-0.479826658,-0.571664525
2445,0.045173342,-0.546664525
2448,0.520173343,0.528335475
2449,-0.154826658,-0.246664525
2450,0.145173343,-0.121664525
2451,-0.004826658,0.078335475
2452,0.582673343,0.215835475
2453,0.295173343,0.003335475
2454,0.095173342,0.103335475
2455,0.320173343,0.203335475
2456,-0.529826658,0.378335475
2458,0.145173343,-0.296664525
2459,0.420173343,0.428335475
2460,-0.154826658,-0.196664525
2461,-0.004826658,0.053335475
2462,0.045173342,0.303335475
2463,0.320173343,0.103335475
2464,0.295173343,0.128335475
2466,0.370173343,0.503335475
2467,0.595173343,0.278335475
2468,-0.254826658,-0.246664525
2469,0.220173343,0.128335475
2472,0.195173343,0.478335475
2473,0.270173343,0.628335475
2475,0.145173343,0.253335475
2477,0.695173343,0.628335475
2478,-0.304826658,-0.446664525
2479,0.320173343,-0.021664525
2480,-0.079826658,-0.471664525
2481,0.070173343,-0.296664525
2482,-0.229826658,-0.671664525
2484,0.520173343,0.453335475
2485,-0.179826658,-0.496664525
2486,0.320173343,0.403335475
2487,0.220173343,-0.021664525
2488,-0.254826658,-0.746664525
2489,0.195173343,0.003335475
2490,-0.179826658,-0.171664525
2492,0.095173342,-0.046664525
2493,0.120173343,-0.221664525
2494,-0.079826658,-0.221664525
2496,0.370173343,0.028335475
2497,0.320173343,0.403335475
2498,-0.404826658,-0.421664525
2499,-0.204826658,-0.246664525
2500,0.195173343,0.353335475
2501,-0.004826658,-0.521664525
2502,0.045173342,0.053335475
2503,0.495173343,0.303335475
2504,-0.104826658,0.053335475
2506,-0.079826658,-0.421664525
2507,0.095173342,0.078335475
2512,0.245173343,0.128335475
2513,-0.054826658,-0.371664525
2514,0.345173343,-0.071664525
2515,-0.254826658,-0.196664525
2518,-0.254826658,-0.121664525
2519,0.220173343,0.553335475
2520,0.270173343,-0.146664525
2521,0.045173342,-0.196664525
2522,-0.429826658,-0.271664525
2523,0.370173343,0.128335475
2524,-0.104826658,-0.321664525
2525,0.095173342,-0.071664525
2527,0.320173343,-0.146664525
2529,0.345173343,0.028335475
2530,-0.229826658,-0.321664525
2535,0.520173343,0.378335475
2536,0.020173342,0.128335475
2537,-0.454826658,0.103335475
2540,-0.004826658,-0.121664525
2544,0.020173342,0.053335475
2547,0.095173342,-0.296664525
2550,0.370173343,-0.096664525
2551,-0.104826658,-0.346664525
2554,0.145173343,-0.446664525
2555,0.095173342,0.153335475
2556,0.420173343,0.253335475
2558,-0.304826658,-0.446664525
2560,0.045173342,-0.421664525
2561,0.645173343,0.578335475
2564,0.120173343,0.028335475
2565,-0.354826658,-0.371664525
2568,-0.329826658,0.203335475
2574,0.095173342,-0.021664525
2577,0.270173343,0.253335475
2579,-0.304826658,-0.371664525
2580,-0.004826658,-0.546664525
2581,0.395173343,0.178335475
2582,0.120173343,-0.371664525
2584,-0.504826658,-0.521664525
2585,-0.054826658,-0.146664525
2586,0.370173343,0.153335475
2591,0.445173343,0.278335475
2592,0.167673343,0.215835475
2594,-0.329826658,-0.096664525
2597,0.495173343,0.053335475
2598,0.295173343,-0.146664525
2600,-0.104826658,-0.271664525
2605,0.395173343,-0.046664525
2606,0.295173343,-0.121664525
2607,0.420173343,-0.046664525
2608,-0.154826658,-0.421664525
2609,0.282673343,0.178335475
2610,0.520173343,0.428335475
2611,0.095173342,0.128335475
2612,0.545173343,0.253335475
2613,0.595173343,0.153335475
2614,-0.179826658,-0.071664525
2615,0.145173343,-0.346664525
2616,0.145173343,-0.271664525
2617,-0.354826658,0.478335475
2620,-0.004826658,0.303335475
2621,-0.004826658,-0.421664525
2622,0.145173343,-0.021664525
2623,0.370173343,-0.196664525
2625,-0.004826658,-0.371664525
2628,0.595173343,0.078335475
2629,0.795173343,0.703335475
2631,-0.329826658,0.753335475
2632,0.245173343,-0.096664525
2634,0.345173343,0.028335475
2635,0.795173343,0.503335475
2637,-0.204826658,-0.596664525
2638,-0.004826658,-0.346664525
2639,0.470173343,0.378335475
2640,0.845173343,0.753335475
2643,-0.054826658,-0.271664525
2644,0.295173343,-0.071664525
2645,0.320173343,0.003335475
2646,-0.154826658,-0.371664525
2647,0.345173343,-0.396664525
2648,0.595173343,0.128335475
2649,0.570173343,0.403335475
2650,-0.054826658,0.353335475
2651,0.670173343,0.453335475
2652,-0.029826658,-0.346664525
2653,0.520173343,0.178335475
2654,-0.004826658,0.128335475
2656,-0.079826658,-0.496664525
2657,0.295173343,0.128335475
2658,0.320173343,-0.046664525
2660,-0.404826658,-0.621664525
2661,-0.404826658,-0.596664525
2662,0.170173343,0.328335475
2663,-0.029826658,-0.321664525
2664,0.545173343,0.603335475
2665,0.445173343,0.278335475
2666,0.145173343,0.178335475
2667,0.120173343,-0.096664525
2668,0.220173343,0.103335475
2671,-0.179826658,-0.371664525
2672,0.470173343,-0.046664525
2673,0.570173343,0.503335475
2674,0.745173343,0.553335475
2675,0.345173343,0.128335475
2676,0.545173343,0.503335475
2677,0.220173343,0.478335475
2681,0.545173343,0.078335475
2682,0.395173343,0.053335475
2684,0.120173343,-0.071664525
2685,-0.204826658,-0.021664525
2686,0.270173343,-0.296664525
2687,0.745173343,0.678335475
2688,0.145173343,-0.071664525
2689,0.045173342,-0.196664525
2690,-0.004826658,-0.546664525
2691,-0.179826658,0.103335475
2692,0.420173343,0.578335475
2693,0.220173343,0.403335475
2695,0.445173343,0.328335475
2696,0.345173343,0.178335475
2697,0.345173343,0.053335475
2698,-0.179826658,-0.171664525
2699,0.020173342,-0.221664525
2700,0.295173343,0.053335475
2702,-0.279826658,0.728335475
2703,0.395173343,0.128335475
2704,-0.054826658,-0.121664525
2706,0.395173343,0.228335475
2707,-0.329826658,-0.346664525
2708,-0.304826658,-0.346664525
2709,0.145173343,0.303335475
2710,0.170173343,0.203335475
2711,-0.329826658,-0.421664525
2712,0.220173343,-0.296664525
2713,0.470173343,0.078335475
2714,0.095173342,-0.046664525
2715,-0.029826658,-0.421664525
2717,0.120173343,-0.021664525
2718,0.520173343,0.328335475
2719,0.695173343,0.628335475
2721,0.270173343,0.278335475
2722,0.645173343,0.278335475
2723,0.695173343,0.478335475
2724,0.420173343,0.353335475
2725,0.170173343,0.128335475
2726,-0.204826658,0.603335475
2727,0.020173342,-0.071664525
2728,0.770173343,0.578335475
2729,-0.229826658,0.453335475
2730,0.020173342,-0.221664525
2731,0.345173343,0.678335475
2732,0.470173343,0.253335475
2733,0.145173343,-0.071664525
2734,0.470173343,0.278335475
2735,0.120173343,-0.071664525
2736,-0.179826658,-0.471664525
2737,0.120173343,-0.121664525
2738,0.445173343,0.228335475
2739,0.620173343,0.403335475
2740,-0.104826658,-0.221664525
2741,-0.004826658,0.003335475
2742,0.520173343,0.378335475
2743,0.145173343,-0.371664525
2744,0.270173343,0.378335475
2745,-0.704826658,-0.096664525
2746,0.045173342,-0.221664525
2747,0.120173343,-0.246664525
2748,-0.004826658,0.128335475
2749,0.120173343,-0.096664525
2750,0.320173343,0.178335475
2756,0.595173343,0.328335475
2757,0.420173343,0.353335475
2758,0.370173343,0.053335475
2759,0.370173343,0.528335475
2763,0.270173343,-0.271664525
2764,0.770173343,0.428335475
2767,0.520173343,0.153335475
2769,0.145173343,0.403335475
2773,0.070173343,-0.021664525
2775,-0.004826658,-0.221664525
2776,0.020173342,-0.271664525
2777,0.170173343,0.403335475
2779,0.220173343,-0.446664525
2780,0.445173343,0.303335475
2781,0.470173343,0.078335475
2782,0.070173343,0.653335475
2784,0.320173343,0.028335475
2787,0.470173343,0.378335475
2789,0.195173343,-0.171664525
2790,0.245173343,0.653335475
2791,0.045173342,-0.471664525
2794,-0.054826658,-0.521664525
2795,-0.229826658,-0.596664525
2796,0.170173343,0.153335475
2797,0.245173343,0.078335475
2798,0.370173343,0.478335475
2799,0.295173343,-0.121664525
2800,0.020173342,-0.021664525
2801,-0.229826658,-0.321664525
2804,0.595173343,0.578335475
2805,-0.229826658,-0.596664525
2806,0.545173343,0.453335475
2807,0.520173343,0.053335475
2808,-0.029826658,-0.371664525
2810,0.545173343,0.478335475
2811,0.120173343,-0.121664525
2813,0.570173343,0.403335475
2814,0.220173343,0.378335475
2815,0.370173343,0.228335475
2818,0.595173343,0.328335475
2819,0.320173343,-0.146664525
2820,0.495173343,0.453335475
2823,0.095173342,0.053335475
2824,0.645173343,0.653335475
2825,0.320173343,-0.121664525
2826,0.070173343,-0.146664525
2829,0.020173342,-0.571664525
2830,0.370173343,0.178335475
2831,0.445173343,0.153335475
2833,0.345173343,0.103335475
2834,-0.029826658,0.028335475
2836,0.320173343,0.628335475
2839,-0.004826658,0.278335475
2841,0.070173343,-0.096664525
2844,-0.254826658,-0.196664525
2845,-0.104826658,0.128335475
2846,0.270173343,0.353335475
2848,-0.429826658,-0.596664525
2850,-0.329826658,-0.246664525
2851,-0.004826658,0.103335475
2852,0.070173343,-0.021664525
2854,-0.154826658,-0.421664525
2855,0.020173342,-0.421664525
2856,0.295173343,0.528335475
2857,0.220173343,0.078335475
2858,0.020173342,-0.046664525
2859,0.170173343,-0.246664525
2860,0.570173343,0.503335475
2863,0.645173343,0.453335475
2864,0.370173343,0.278335475
2865,0.045173342,-0.446664525
2866,0.170173343,0.303335475
2867,0.520173343,0.303335475
2869,-0.079826658,-0.496664525
2871,0.395173343,0.453335475
2872,0.270173343,-0.296664525
2873,0.645173343,0.553335475
2874,-0.004826658,0.428335475
2876,0.570173343,0.428335475
2879,0.395173343,0.253335475
2880,-0.154826658,0.078335475
2882,0.195173343,0.178335475
2884,0.145173343,0.228335475
2886,0.245173343,0.328335475
2887,0.295173343,0.128335475
2889,0.695173343,0.578335475
2890,0.070173343,-0.246664525
2891,0.270173343,-0.296664525
2892,-0.379826658,-0.171664525
2893,-0.279826658,0.678335475
2897,-0.029826658,0.078335475
2898,0.270173343,0.453335475
2899,0.470173343,0.178335475
2902,-0.279826658,0.603335475
2903,0.295173343,0.328335475
2904,-0.054826658,0.278335475
2908,0.120173343,0.228335475
2909,0.270173343,0.353335475
2910,0.545173343,0.603335475
2911,-0.104826658,0.628335475
2913,-0.279826658,0.053335475
2915,0.195173343,0.103335475
2921,0.420173343,0.328335475
2924,0.445173343,0.203335475
2925,0.320173343,0.078335475
2926,0.270173343,-0.146664525
2928,-0.104826658,0.103335475
2931,0.520173343,0.428335475
2932,0.120173343,-0.021664525
2934,0.495173343,0.403335475
2936,0.070173343,0.203335475
2938,-0.054826658,0.678335475
2939,-0.429826658,0.403335475
2941,0.370173343,0.653335475
2942,-0.079826658,0.053335475
2944,0.520173343,0.628335475
2945,-0.404826658,-0.571664525
2949,0.420173343,0.278335475
2952,-0.179826658,-0.096664525
2954,0.270173343,0.128335475
2955,0.295173343,-0.196664525
2956,0.245173343,-0.021664525
2957,0.070173343,-0.446664525
2958,0.170173343,0.228335475
2959,0.495173343,0.403335475
2960,0.820173343,0.778335475
2961,0.270173343,0.253335475
2962,-0.254826658,0.703335475
2964,0.645173343,0.753335475
2967,-0.004826658,-0.446664525
2968,-0.304826658,-0.196664525
2970,0.545173343,0.503335475
2973,0.045173342,0.478335475
2974,-0.054826658,-0.121664525
2976,0.370173343,0.403335475
2977,-0.229826658,0.678335475
2978,0.420173343,0.778335475
2979,0.270173343,-0.371664525
2980,-0.029826658,0.303335475
2981,0.545173343,0.528335475
2983,0.470173343,0.053335475
2985,0.420173343,-0.171664525
2986,0.020173342,0.303335475
2987,-0.204826658,0.428335475
2988,0.370173343,0.203335475
2989,0.495173343,0.428335475
2990,0.420173343,0.353335475
2991,-0.229826658,-0.371664525
2993,-0.154826658,-0.046664525
2994,0.220173343,0.503335475
2995,-0.504826658,0.028335475
2996,0.570173343,0.353335475
2997,0.570173343,0.453335475
2999,0.370173343,-0.121664525
3000,0.295173343,0.553335475
3001,-0.154826658,-0.046664525
3002,-0.304826658,-0.021664525
3003,-0.279826658,0.178335475
3004,0.070173343,-0.196664525
3005,0.170173343,0.203335475
3006,-0.004826658,0.003335475
3007,0.245173343,0.153335475
3008,0.245173343,0.353335475
3009,-0.179826658,-0.271664525
3010,0.520173343,0.478335475
3011,-0.354826658,-0.021664525
3012,-0.379826658,-0.071664525
3013,-0.229826658,-0.346664525
3014,0.020173342,0.078335475
3015,0.470173343,0.328335475
3016,-0.629826658,-0.321664525
3017,-0.154826658,-0.121664525
3018,-0.479826658,-0.221664525
3019,-0.404826658,-0.071664525
3020,-0.479826658,-0.296664525
3021,0.095173342,0.403335475
3022,-0.279826658,-0.321664525
3023,-0.529826658,-0.421664525
3024,-0.379826658,-0.346664525
3025,0.420173343,0.128335475
3026,-0.404826658,-0.221664525
3027,-0.154826658,0.003335475
3028,0.095173342,-0.021664525
3029,0.020173342,-0.171664525
3030,0.195173343,0.278335475
3031,0.145173343,0.053335475
3032,-0.079826658,-0.321664525
3033,0.295173343,0.178335475
3034,-0.404826658,-0.321664525
3035,-0.054826658,-0.071664525
3036,-0.354826658,0.053335475
3037,-0.004826658,0.103335475
3038,-0.079826658,0.103335475
3039,0.045173342,0.428335475
3040,0.220173343,0.403335475
3041,0.245173343,0.253335475
3042,-0.029826658,0.103335475
3043,0.145173343,0.078335475
3044,0.420173343,0.628335475
3045,-0.329826658,-0.046664525
3046,0.145173343,0.253335475
3047,-0.004826658,0.178335475
3048,0.570173343,0.103335475
3049,0.570173343,0.178335475
3050,0.345173343,0.353335475
3051,0.220173343,0.153335475
3052,0.545173343,0.228335475
3053,0.470173343,-0.021664525
3054,0.470173343,-0.221664525
3055,0.470173343,-0.221664525
3056,0.145173343,-0.096664525
3057,0.670173343,0.028335475
3058,0.345173343,-0.146664525
3059,0.770173343,0.028335475
3060,0.420173343,0.153335475
3061,0.445173343,0.478335475
3062,-0.029826658,-0.121664525
3063,0.495173343,0.153335475
3064,0.670173343,0.153335475
3065,0.495173343,0.353335475
3066,0.270173343,0.378335475
3067,-0.254826658,-0.146664525
3068,0.220173343,0.328335475
3069,0.295173343,-0.071664525
3070,0.345173343,0.153335475
3071,0.220173343,0.478335475
3072,0.270173343,0.428335475
3073,-0.154826658,0.153335475
3074,0.495173343,0.553335475
3075,0.545173343,0.453335475
3076,0.145173343,0.353335475
3077,0.095173342,0.453335475
3078,0.395173343,0.553335475
3079,0.295173343,0.578335475
3080,0.145173343,0.353335475
3081,-0.229826658,0.103335475
3082,0.495173343,0.528335475
3083,0.545173343,0.378335475
3084,-0.254826658,0.128335475
3085,0.195173343,0.378335475
3086,-0.029826658,0.328335475
3087,0.495173343,0.353335475
3088,0.545173343,0.678335475
3089,0.545173343,0.453335475
3090,0.545173343,0.253335475
3091,0.345173343,0.278335475
3092,0.470173343,0.303335475
3093,0.395173343,0.303335475
3094,0.470173343,0.453335475
3095,0.445173343,0.403335475
3096,-0.204826658,-0.196664525
3097,0.245173343,0.228335475
3098,0.470173343,0.553335475
3099,0.370173343,0.278335475
3100,0.295173343,0.428335475
3101,-0.504826658,-0.221664525
3102,0.020173342,-0.571664525
3103,-0.229826658,-0.246664525
3104,-0.004826658,-0.096664525
3105,-0.179826658,-0.196664525
3106,-0.129826658,-0.396664525
3107,-0.304826658,-0.396664525
3108,-0.179826658,0.053335475
3109,-0.504826658,-0.096664525
3110,0.245173343,0.128335475
3111,-0.379826658,-0.346664525
3112,-0.529826658,-0.371664525
3113,-0.354826658,-0.296664525
3114,-0.279826658,-0.296664525
3115,-0.129826658,-0.046664525
3116,-0.354826658,0.278335475
3117,-0.254826658,-0.096664525
3118,-0.629826658,-0.146664525
3119,-0.579826658,-0.296664525
3120,-0.404826658,-0.296664525
3121,-0.529826658,-0.171664525
3122,0.245173343,0.553335475
3123,-0.329826658,-0.371664525
3124,0.170173343,0.203335475
3125,-0.354826658,0.078335475
3126,-0.304826658,-0.171664525
3127,-0.354826658,-0.296664525
3128,-0.429826658,-0.221664525
3129,-0.504826658,-0.271664525
3130,-0.329826658,-0.196664525
3131,-0.254826658,-0.021664525
3132,-0.254826658,0.003335475
3133,-0.504826658,0.103335475
3134,-0.579826658,-0.121664525
3135,-0.429826658,-0.371664525
3136,-0.254826658,-0.021664525
3137,-0.054826658,-0.071664525
3138,-0.179826658,-0.046664525
3139,-0.479826658,0.128335475
3140,0.245173343,0.328335475
3141,-0.204826658,-0.021664525
3142,-0.579826658,-0.346664525
3143,0.170173343,-0.196664525
3144,0.045173342,-0.221664525
3145,-0.504826658,0.028335475
3146,-0.254826658,-0.496664525
3147,-0.204826658,0.003335475
3148,-0.354826658,-0.296664525
3149,-0.454826658,-0.146664525
3150,-0.529826658,-0.121664525
3151,0.295173343,0.103335475
3152,0.295173343,0.378335475
3153,-0.479826658,-0.171664525
3154,-0.004826658,-0.171664525
3155,-0.029826658,-0.096664525
3156,0.295173343,0.603335475
3157,0.420173343,0.578335475
3158,0.445173343,0.403335475
3159,0.395173343,0.303335475
3160,0.245173343,0.453335475
3161,-0.479826658,-0.121664525
3162,-0.154826658,-0.246664525
3163,0.220173343,0.403335475
3164,-0.329826658,-0.246664525
3165,-0.404826658,-0.271664525
3166,-0.279826658,0.003335475
3167,-0.404826658,-0.246664525
3168,-0.279826658,-0.046664525
3169,-0.404826658,-0.171664525
3170,-0.579826658,-0.371664525
3171,-0.629826658,-0.246664525
3172,-0.479826658,-0.171664525
3173,-0.104826658,-0.071664525
3174,-0.279826658,-0.246664525
3175,-0.254826658,-0.221664525
3176,-0.429826658,0.078335475
3177,-0.279826658,0.153335475
3178,0.020173342,0.078335475
3179,-0.079826658,-0.296664525
3180,-0.454826658,-0.321664525
3181,-0.004826658,-0.221664525
3182,-0.554826658,-0.471664525
3183,-0.304826658,-0.221664525
3184,-0.529826658,-0.096664525
3185,0.095173342,0.403335475
3186,-0.629826658,-0.221664525
3187,-0.079826658,-0.046664525
3188,-0.279826658,0.028335475
3189,-0.304826658,0.053335475
3190,-0.554826658,-0.271664525
3191,-0.454826658,-0.046664525
3192,-0.379826658,-0.221664525
3193,-0.129826658,-0.046664525
3194,-0.479826658,-0.296664525
3195,-0.104826658,-0.096664525
3196,-0.429826658,-0.196664525
3197,-0.404826658,-0.171664525
3198,-0.654826658,-0.271664525
3199,-0.229826658,-0.021664525
3200,-0.204826658,-0.346664525
3201,0.270173343,0.353335475
3202,-0.429826658,-0.121664525
3203,-0.254826658,-0.146664525
3204,0.270173343,0.503335475
3205,0.320173343,0.353335475
3206,0.345173343,0.128335475
3207,-0.254826658,0.028335475
3208,0.045173342,0.403335475
3209,-0.429826658,-0.046664525
3210,-0.504826658,-0.196664525
3211,0.070173343,0.228335475
3212,-0.429826658,-0.271664525
3213,-0.404826658,-0.371664525
3214,0.220173343,0.403335475
3215,0.295173343,0.403335475
3216,0.220173343,0.228335475
3217,-0.454826658,-0.171664525
3218,-0.079826658,-0.171664525
3219,-0.554826658,-0.071664525
3220,-0.554826658,-0.246664525
3221,0.220173343,0.203335475
3222,-0.304826658,-0.121664525
3223,0.295173343,0.003335475
3224,0.595173343,0.403335475
3225,0.045173342,-0.296664525
3226,-0.154826658,-0.171664525
3227,0.320173343,0.028335475
3228,-0.279826658,0.203335475
3229,-0.029826658,0.153335475
3230,-0.179826658,0.178335475
3231,0.520173343,0.228335475
3232,0.470173343,0.578335475
3233,0.095173342,0.228335475
3234,-0.354826658,0.003335475
3235,0.345173343,0.078335475
3236,0.120173343,-0.021664525
3237,-0.279826658,-0.121664525
3238,0.170173343,0.228335475
3239,0.570173343,0.428335475
3240,-0.454826658,-0.471664525
3241,-0.179826658,-0.121664525
3242,-0.029826658,0.028335475
3243,0.320173343,0.303335475
3244,-0.179826658,0.003335475
3245,0.220173343,0.453335475
3246,-0.329826658,-0.021664525
3247,0.470173343,-0.046664525
3248,-0.354826658,-0.221664525
3249,0.295173343,0.128335475
3250,0.745173343,0.603335475
3251,0.470173343,0.578335475
3252,0.170173343,0.153335475
3253,-0.354826658,-0.121664525
3254,0.445173343,0.028335475
3255,-0.604826658,-0.296664525
3256,0.270173343,0.278335475
3257,-0.154826658,0.103335475
3258,0.295173343,0.278335475
3259,-0.404826658,-0.246664525
3260,0.520173343,0.653335475
3261,-0.329826658,-0.196664525
3262,0.095173342,-0.021664525
3263,0.170173343,0.303335475
3264,-0.204826658,0.003335475
3265,0.270173343,0.303335475
3266,0.170173343,0.253335475
3267,-0.179826658,-0.021664525
3268,-0.179826658,0.178335475
3269,-0.004826658,-0.271664525
3270,0.220173343,0.003335475
3271,0.070173343,0.003335475
3272,-0.304826658,-0.146664525
3273,0.295173343,0.053335475
3274,0.245173343,0.353335475
3275,-0.404826658,-0.271664525
3276,0.270173343,0.053335475
3277,-0.554826658,-0.421664525
3278,-0.079826658,0.128335475
3279,-0.054826658,0.253335475
3280,0.245173343,0.328335475
3281,0.020173342,0.203335475
3282,0.495173343,0.553335475
3283,0.195173343,-0.321664525
3284,0.545173343,0.428335475
3285,0.120173343,0.128335475
3286,-0.354826658,-0.196664525
3287,-0.029826658,-0.021664525
3288,-0.254826658,0.153335475
3289,-0.004826658,0.103335475
3290,0.545173343,0.503335475
3291,-0.479826658,-0.246664525
3292,0.195173343,0.253335475
3293,0.170173343,0.278335475
3294,0.270173343,0.328335475
3295,0.495173343,0.578335475
3296,0.370173343,0.103335475
3297,-0.179826658,0.053335475
3298,0.295173343,0.578335475
3299,0.070173343,-0.021664525
3300,0.020173342,0.353335475
3301,-0.404826658,-0.046664525
3302,-0.154826658,-0.046664525
3303,0.520173343,0.378335475
3304,0.470173343,0.153335475
3305,0.445173343,0.028335475
3306,0.220173343,0.178335475
3307,0.245173343,0.128335475
3308,0.220173343,0.303335475
3309,0.745173343,0.478335475
3310,-0.004826658,0.128335475
3311,-0.229826658,-0.121664525
3312,-0.104826658,0.178335475
3313,-0.354826658,-0.096664525
3314,-0.079826658,-0.121664525
3315,0.495173343,0.603335475
3316,-0.104826658,0.153335475
3317,0.445173343,0.178335475
3318,-0.029826658,0.053335475
3319,0.295173343,0.478335475
3320,0.520173343,-0.196664525
3321,0.320173343,-0.021664525
3322,0.270173343,0.478335475
3323,0.145173343,0.228335475
3324,0.570173343,0.378335475
3325,0.345173343,0.328335475
3326,0.145173343,0.378335475
3327,-0.404826658,0.228335475
3328,-0.429826658,-0.046664525
3329,-0.054826658,0.178335475
3330,0.695173343,0.278335475
3331,-0.004826658,0.178335475
3332,-0.529826658,-0.521664525
3333,0.320173343,-0.021664525
3334,0.845173343,-0.196664525
3335,0.295173343,0.203335475
3336,-0.429826658,-0.246664525
3337,0.520173343,0.103335475
3338,0.495173343,0.403335475
3339,0.595173343,0.653335475
3340,0.320173343,0.453335475
3341,-0.304826658,-0.271664525
3342,0.495173343,0.478335475
3343,0.245173343,0.353335475
3344,0.270173343,0.428335475
3345,-0.379826658,-0.021664525
3346,0.295173343,0.478335475
3347,-0.104826658,0.003335475
3348,0.470173343,0.303335475
3349,0.195173343,0.153335475
3350,-0.454826658,-0.146664525
3351,0.370173343,0.428335475
3352,0.495173343,0.528335475
3353,0.495173343,0.178335475
3354,-0.604826658,0.003335475
3355,-0.154826658,0.428335475
3356,0.195173343,0.153335475
3357,0.395173343,-0.021664525
3358,0.395173343,0.353335475
3359,-0.254826658,-0.246664525
3360,-0.379826658,0.228335475
3361,-0.479826658,-0.046664525
3362,0.245173343,-0.046664525
3363,-0.204826658,0.128335475
3364,0.445173343,-0.071664525
3365,0.495173343,0.478335475
3366,0.470173343,0.203335475
3367,0.695173343,0.628335475
3368,-0.279826658,-0.296664525
3369,0.545173343,0.553335475
3370,-0.079826658,-0.071664525
3371,0.245173343,0.278335475
3372,0.195173343,0.053335475
3373,0.320173343,0.503335475
3374,-0.079826658,0.353335475
3375,0.295173343,0.253335475
3376,0.545173343,0.603335475
3377,-0.329826658,-0.221664525
3378,0.320173343,0.228335475
3379,0.320173343,0.303335475
3380,0.020173342,-0.121664525
3381,0.670173343,0.378335475
3382,0.070173343,0.053335475
3383,-0.354826658,0.253335475
3384,0.245173343,0.303335475
3385,0.395173343,0.353335475
3386,0.145173343,0.328335475
3387,0.020173342,0.378335475
3388,0.845173343,0.553335475
3389,-0.279826658,-0.096664525
3390,0.470173343,0.378335475
3391,0.320173343,-0.071664525
3392,0.570173343,0.403335475
3393,-0.079826658,0.403335475
3394,-0.079826658,0.353335475
3395,-0.229826658,0.028335475
3396,0.395173343,0.378335475
3397,-0.279826658,-0.071664525
3398,0.795173343,0.578335475
3399,0.495173343,0.378335475
3400,0.345173343,0.253335475
3401,0.220173343,0.303335475
3402,-0.479826658,0.253335475
3403,0.170173343,0.253335475
3404,-0.429826658,-0.196664525
3405,-0.554826658,-0.221664525
3406,-0.179826658,-0.171664525
3407,-0.154826658,-0.246664525
3408,0.145173343,-0.096664525
3409,-0.179826658,0.078335475
3410,-0.004826658,0.353335475
3411,-0.429826658,-0.171664525
3412,-0.304826658,0.003335475
3413,-0.079826658,-0.071664525
3414,-0.104826658,-0.221664525
3415,0.070173343,0.278335475
3416,-0.429826658,-0.046664525
3417,-0.504826658,0.003335475
3418,-0.154826658,-0.071664525
3419,-0.479826658,-0.221664525
3420,-0.329826658,0.053335475
3421,-0.304826658,-0.096664525
3422,-0.404826658,-0.121664525
3423,0.270173343,-0.096664525
3424,-0.229826658,-0.021664525
3425,0.195173343,0.128335475
3426,0.495173343,0.503335475
3427,0.120173343,0.103335475
3428,-0.229826658,0.028335475
3429,-0.529826658,-0.396664525
3430,-0.304826658,0.003335475
3431,-0.079826658,-0.121664525
3432,-0.454826658,-0.221664525
3433,-0.204826658,-0.146664525
3434,-0.404826658,-0.221664525
3435,0.220173343,-0.246664525
3436,-0.154826658,0.028335475
3437,0.020173342,0.128335475
3438,-0.379826658,-0.246664525
3439,-0.379826658,-0.121664525
3440,0.120173343,0.128335475
3441,-0.104826658,0.103335475
3442,-0.404826658,0.178335475
3443,-0.379826658,0.303335475
3444,-0.329826658,0.003335475
3445,-0.204826658,0.128335475
3446,-0.304826658,0.303335475
3447,-0.079826658,-0.046664525
3448,-0.004826658,-0.046664525
3449,-0.079826658,0.003335475
3450,0.145173343,0.278335475
3451,0.095173342,0.128335475
3452,-0.129826658,-0.096664525
3453,-0.154826658,-0.146664525
3454,-0.204826658,0.153335475
3455,-0.054826658,-0.121664525
3456,-0.554826658,-0.071664525
3457,0.095173342,0.203335475
3458,0.070173343,-0.096664525
3459,0.170173343,0.203335475
3460,-0.129826658,0.053335475
3461,-0.054826658,0.178335475
3462,-0.129826658,0.053335475
3463,-0.354826658,-0.321664525
3464,-0.004826658,0.053335475
3465,-0.179826658,0.153335475
3466,0.020173342,0.378335475
3467,-0.054826658,-0.146664525
3468,-0.604826658,-0.221664525
3469,-0.304826658,-0.371664525
3470,-0.304826658,0.128335475
3471,0.595173343,0.678335475
3472,0.195173343,0.103335475
3473,0.395173343,0.378335475
3474,0.495173343,0.503335475
3475,-0.304826658,-0.071664525
3476,0.170173343,-0.021664525
3477,0.020173342,0.128335475
3478,-0.229826658,0.128335475
3479,0.170173343,0.103335475
3480,0.220173343,0.053335475
3481,-0.179826658,-0.171664525
3482,-0.254826658,-0.071664525
3483,-0.154826658,-0.171664525
3484,-0.154826658,-0.046664525
3485,-0.154826658,0.028335475
3486,-0.379826658,-0.221664525
3487,-0.504826658,-0.071664525
3488,-0.129826658,0.078335475
3489,0.045173342,0.078335475
3490,-0.329826658,-0.196664525
3491,0.195173343,0.053335475
3492,-0.404826658,-0.321664525
3493,0.420173343,-0.146664525
3494,-0.154826658,0.078335475
3495,-0.129826658,-0.046664525
3496,0.345173343,0.378335475
3497,-0.204826658,-0.046664525
3498,-0.154826658,0.053335475
3499,0.020173342,0.053335475
3500,-0.304826658,-0.196664525
3501,0.120173343,0.103335475
3502,0.645173343,0.653335475
3503,-0.079826658,0.328335475
3504,0.370173343,0.353335475
3505,0.120173343,-0.096664525
3506,0.095173342,0.103335475
3507,0.320173343,0.228335475
3508,0.220173343,0.328335475
3509,0.245173343,0.328335475
3510,0.295173343,-0.121664525
3511,0.295173343,0.228335475
3512,0.195173343,-0.196664525
3513,0.470173343,0.378335475
3514,0.245173343,0.003335475
3515,0.095173342,-0.046664525
3516,0.120173343,0.253335475
3517,0.145173343,0.353335475
3518,0.470173343,0.378335475
3519,0.295173343,0.103335475
3520,0.220173343,0.178335475
3521,0.120173343,0.053335475
3522,0.320173343,0.153335475
3523,0.095173342,0.578335475
3524,-0.004826658,0.253335475
3525,0.020173342,-0.021664525
3526,0.370173343,0.328335475
3527,0.070173343,-0.021664525
3528,0.045173342,0.228335475
3529,0.320173343,0.203335475
3530,-0.054826658,0.403335475
3531,0.095173342,0.128335475
3532,0.295173343,0.303335475
3533,0.220173343,0.153335475
3534,0.320173343,0.278335475
3535,0.220173343,0.203335475
3536,-0.254826658,0.053335475
3537,-0.254826658,0.328335475
3538,0.070173343,0.428335475
3539,0.070173343,-0.046664525
3540,0.170173343,0.278335475
3541,0.045173342,0.153335475
3542,0.270173343,0.228335475
3543,0.245173343,0.378335475
3544,0.245173343,0.453335475
3545,0.095173342,0.053335475
3546,-0.004826658,0.178335475
3547,0.345173343,-0.146664525
3548,-0.179826658,0.003335475
3549,0.195173343,0.078335475
3550,-0.179826658,0.053335475
3551,0.245173343,0.253335475
3552,0.295173343,0.253335475
3553,0.370173343,0.253335475
3554,0.020173342,0.303335475
3555,-0.379826658,-0.046664525
3556,0.420173343,0.028335475
3557,0.470173343,0.228335475
3558,0.370173343,-0.296664525
3559,0.195173343,0.303335475
3560,0.195173343,0.153335475
3561,0.395173343,0.103335475
3562,0.470173343,0.053335475
3563,0.320173343,0.128335475
3564,0.495173343,0.378335475
3565,0.120173343,0.003335475
3566,0.220173343,0.403335475
3567,0.145173343,-0.146664525
3568,0.395173343,0.203335475
3569,0.345173343,0.253335475
3570,0.045173342,0.153335475
3571,0.620173343,-0.046664525
3572,0.145173343,0.228335475
3573,-0.204826658,0.078335475
3574,0.245173343,0.328335475
3575,0.170173343,0.153335475
3576,-0.129826658,0.203335475
3577,0.070173343,0.153335475
3578,0.095173342,0.328335475
3579,0.120173343,0.303335475
3580,0.195173343,0.378335475
3581,0.420173343,0.478335475
3582,0.245173343,0.328335475
3583,0.195173343,0.253335475
3584,0.045173342,0.078335475
3585,-0.129826658,0.103335475
3586,0.145173343,-0.071664525
3587,0.270173343,0.103335475
3588,0.345173343,0.078335475
3589,0.420173343,0.303335475
3590,0.445173343,-0.096664525
3591,0.070173343,0.328335475
3592,0.495173343,0.378335475
3593,-0.229826658,0.028335475
3594,0.245173343,0.253335475
3595,0.370173343,0.253335475
3596,0.170173343,0.228335475
3597,0.145173343,0.228335475
3598,0.270173343,-0.071664525
3599,-0.079826658,-0.246664525
3600,0.295173343,0.253335475
3601,0.220173343,0.103335475
3602,-0.179826658,0.103335475
3603,-0.129826658,0.203335475
3604,-0.204826658,-0.021664525
3605,-0.104826658,0.253335475
3606,0.120173343,0.253335475
3607,-0.354826658,-0.021664525
3608,0.645173343,-0.021664525
3609,0.520173343,0.453335475
3610,-0.079826658,0.453335475
3611,0.445173343,0.278335475
3612,-0.329826658,-0.196664525
3613,0.545173343,0.403335475
3614,0.045173342,0.503335475
3615,0.045173342,0.278335475
3616,0.270173343,0.053335475
3617,0.370173343,0.378335475
3618,-0.129826658,0.378335475
3619,0.220173343,0.153335475
3620,0.320173343,0.428335475
3621,0.395173343,0.378335475
3622,0.370173343,0.353335475
3623,0.220173343,0.253335475
3624,0.495173343,0.278335475
3625,-0.004826658,0.078335475
3626,0.395173343,0.378335475
3627,-0.129826658,-0.046664525
3628,0.095173342,0.028335475
3629,0.470173343,0.453335475
3630,0.245173343,0.353335475
3631,0.095173342,0.278335475
3632,-0.254826658,0.153335475
3633,0.470173343,0.478335475
3634,0.420173343,0.228335475
3635,0.420173343,0.553335475
3636,0.195173343,0.003335475
3637,-0.204826658,0.228335475
3638,-0.129826658,0.328335475
3639,0.220173343,0.178335475
3640,0.420173343,0.503335475
3641,0.220173343,0.003335475
3642,0.120173343,0.128335475
3643,-0.029826658,-0.046664525
3644,0.370173343,0.103335475
3645,0.320173343,0.303335475
3646,-0.179826658,-0.021664525
3647,0.345173343,0.628335475
3648,-0.479826658,-0.171664525
3649,0.395173343,0.378335475
3650,0.070173343,0.328335475
3651,0.395173343,0.053335475
3652,0.470173343,0.653335475
3653,-0.329826658,-0.071664525
3654,-0.329826658,0.053335475
3655,0.420173343,0.378335475
3656,-0.104826658,0.028335475
3657,0.320173343,0.253335475
3658,0.370173343,0.403335475
3659,0.045173342,0.003335475
3660,0.270173343,0.153335475
3661,0.470173343,0.278335475
3662,0.395173343,0.378335475
3663,0.120173343,0.003335475
3664,-0.104826658,-0.096664525
3665,0.320173343,0.253335475
3666,-0.279826658,-0.196664525
3667,0.770173343,0.353335475
3668,0.270173343,0.228335475
3669,0.120173343,0.228335475
3670,0.245173343,0.328335475
3671,-0.279826658,-0.096664525
3672,-0.454826658,-0.046664525
3673,0.370173343,0.378335475
3674,0.220173343,0.103335475
3675,0.320173343,0.228335475
3676,0.120173343,0.253335475
3677,0.495173343,0.553335475
3678,-0.054826658,0.128335475
3679,0.295173343,0.203335475
3680,0.420173343,0.553335475
3681,-0.229826658,0.103335475
3682,0.345173343,0.378335475
3683,0.095173342,0.353335475
3684,0.145173343,0.128335475
3685,0.020173342,0.203335475
3686,-0.279826658,-0.221664525
3687,0.070173343,0.128335475
3688,0.070173343,0.153335475
3689,0.495173343,0.628335475
3690,0.045173342,0.203335475
3691,-0.204826658,-0.221664525
3692,-0.279826658,-0.196664525
3693,-0.154826658,-0.046664525
3694,0.420173343,-0.021664525
3695,0.295173343,0.278335475
3696,-0.279826658,-0.196664525
3697,-0.404826658,-0.321664525
3698,0.020173342,-0.021664525
3699,0.145173343,0.128335475
3700,0.145173343,0.253335475
3701,-0.329826658,-0.146664525
3702,-0.129826658,-0.121664525
3703,0.570173343,0.178335475
3704,0.495173343,0.178335475
3705,-0.004826658,-0.146664525
3706,-0.104826658,0.078335475
3707,-0.104826658,-0.271664525
3708,-0.204826658,-0.096664525
3709,-0.154826658,-0.146664525
3710,-0.379826658,-0.246664525
3711,-0.304826658,0.103335475
3712,-0.379826658,-0.046664525
3713,0.320173343,0.403335475
3714,-0.104826658,0.378335475
3715,0.295173343,0.328335475
3716,0.245173343,0.303335475
3717,0.095173342,0.353335475
3718,-0.229826658,0.028335475
3719,-0.279826658,0.103335475
3720,0.395173343,0.728335475
3721,-0.379826658,-0.096664525
3722,-0.329826658,0.103335475
3723,-0.254826658,-0.071664525
3724,-0.279826658,-0.221664525
3725,-0.004826658,0.153335475
3726,-0.304826658,0.003335475
3727,0.070173343,0.078335475
3728,0.070173343,-0.371664525
3729,0.245173343,0.128335475
3730,-0.129826658,0.178335475
3731,-0.204826658,-0.096664525
3732,-0.354826658,-0.096664525
3733,-0.279826658,-0.196664525
3734,0.195173343,0.128335475
3735,-0.354826658,0.028335475
3736,-0.329826658,0.028335475
3737,-0.204826658,-0.246664525
3738,0.095173342,-0.446664525
3739,-0.404826658,-0.221664525
3740,-0.029826658,0.178335475
3741,-0.229826658,-0.321664525
3742,0.170173343,0.553335475
3743,0.520173343,0.553335475
3744,-0.029826658,0.078335475
3745,0.370173343,0.628335475
3746,0.095173342,0.278335475
3747,-0.379826658,-0.071664525
3748,-0.079826658,0.203335475
3749,0.045173342,0.528335475
3750,0.220173343,0.028335475
3751,-0.029826658,-0.121664525
3752,0.420173343,0.228335475
3753,-0.254826658,-0.346664525
3754,-0.504826658,-0.096664525
3755,0.320173343,0.453335475
3756,-0.129826658,-0.046664525
3757,-0.329826658,0.103335475
3758,-0.354826658,0.203335475
3759,0.070173343,0.203335475
3760,-0.079826658,-0.071664525
3761,0.670173343,0.828335475
3762,0.245173343,0.378335475
3763,-0.229826658,-0.046664525
3764,-0.104826658,0.078335475
3765,0.045173342,0.303335475
3766,-0.354826658,-0.221664525
3767,-0.504826658,-0.196664525
3768,-0.329826658,-0.121664525
3769,0.220173343,0.328335475
3770,-0.379826658,-0.021664525
3771,0.220173343,0.078335475
3772,-0.029826658,0.253335475
3773,-0.079826658,0.203335475
3774,0.095173342,0.078335475
3775,-0.354826658,0.003335475
3776,-0.154826658,0.053335475
3777,-0.004826658,0.178335475
3778,-0.304826658,-0.046664525
3779,-0.379826658,0.278335475
3780,-0.229826658,0.053335475
3781,-0.429826658,-0.096664525
3782,0.195173343,0.028335475
3783,-0.279826658,-0.096664525
3784,0.170173343,0.228335475
3785,0.195173343,0.253335475
3786,-0.329826658,-0.096664525
3787,-0.254826658,-0.171664525
3788,0.395173343,-0.246664525
3789,0.170173343,0.328335475
3790,-0.279826658,-0.196664525
3791,-0.279826658,0.178335475
3792,0.170173343,0.378335475
3793,-0.054826658,0.128335475
3794,-0.179826658,-0.096664525
3795,-0.354826658,-0.171664525
3796,0.395173343,0.303335475
3797,-0.079826658,-0.246664525
3798,-0.104826658,0.278335475
3799,0.020173342,0.303335475
3800,-0.454826658,-0.296664525
3801,-0.404826658,-0.296664525
3802,0.545173343,0.278335475
3803,-0.204826658,-0.121664525
3804,0.370173343,0.278335475
3805,0.120173343,0.278335475
3806,0.445173343,0.478335475
3807,0.220173343,0.278335475
3808,0.220173343,0.203335475
3809,-0.079826658,-0.146664525
3810,-0.104826658,-0.121664525
3811,0.070173343,0.003335475
3812,0.145173343,0.103335475
3813,0.320173343,0.378335475
3814,0.345173343,0.353335475
3815,0.345173343,0.453335475
3816,0.020173342,0.103335475
3817,0.395173343,0.503335475
3818,-0.304826658,-0.071664525
3819,-0.079826658,-0.121664525
3820,-0.004826658,-0.021664525
3821,0.545173343,0.403335475
3822,-0.229826658,0.028335475
3823,0.295173343,-0.471664525
3824,0.320173343,0.403335475
3825,0.020173342,0.053335475
3826,-0.179826658,0.128335475
3827,0.570173343,0.253335475
3828,0.545173343,0.303335475
3829,-0.204826658,0.053335475
3830,0.220173343,0.278335475
3831,0.295173343,0.403335475
3832,0.195173343,0.278335475
3833,-0.304826658,-0.021664525
3834,0.320173343,0.428335475
3835,-0.304826658,0.178335475
3836,0.045173342,0.253335475
3837,-0.379826658,-0.096664525
3838,0.145173343,0.003335475
3839,0.320173343,0.353335475
3840,0.245173343,0.053335475
3841,-0.329826658,0.003335475
3842,0.470173343,0.303335475
3843,0.070173343,0.078335475
3844,0.270173343,0.378335475
3845,0.370173343,0.328335475
3846,0.345173343,0.303335475
3847,-0.454826658,-0.346664525
3848,0.145173343,0.228335475
3849,0.345173343,0.353335475
3850,-0.429826658,-0.221664525
3851,-0.279826658,0.003335475
3852,0.070173343,-0.121664525
3853,0.320173343,0.478335475
3854,0.020173342,0.153335475
3855,0.395173343,0.203335475
3856,0.570173343,0.378335475
3857,0.145173343,0.178335475
3858,0.295173343,0.153335475
3859,0.145173343,0.153335475
3860,-0.229826658,-0.221664525
3861,0.145173343,0.128335475
3862,0.120173343,0.128335475
3863,0.320173343,0.453335475
3864,0.745173343,0.378335475
3865,0.370173343,0.553335475
3866,0.020173342,0.053335475
3867,-0.104826658,-0.096664525
3868,0.145173343,0.303335475
3869,-0.179826658,-0.121664525
3870,0.295173343,0.203335475
3871,0.545173343,0.453335475
3872,-0.054826658,-0.021664525
3873,-0.254826658,0.028335475
3874,0.470173343,0.103335475
3875,0.445173343,0.428335475
3876,0.145173343,0.428335475
3877,0.270173343,0.403335475
3878,0.470173343,0.528335475
3879,0.495173343,0.203335475
3880,-0.304826658,0.203335475
3881,0.195173343,0.103335475
3882,0.445173343,0.228335475
3883,0.020173342,0.253335475
3884,0.295173343,0.478335475
3885,-0.129826658,-0.171664525
3886,-0.354826658,-0.121664525
3887,0.345173343,0.353335475
3888,-0.304826658,-0.296664525
3889,0.270173343,0.253335475
3890,0.345173343,0.353335475
3891,-0.229826658,0.103335475
3892,0.420173343,0.128335475
3893,0.445173343,0.428335475
3894,0.095173342,0.053335475
3895,0.370173343,0.478335475
3896,-0.579826658,0.078335475
3897,-0.154826658,-0.096664525
3898,-0.054826658,0.128335475
3899,-0.079826658,0.103335475
3900,0.570173343,0.478335475
3901,0.495173343,0.153335475
3902,0.720173343,-0.046664525
3903,0.620173343,-0.346664525
3904,-0.254826658,-0.121664525
3905,0.520173343,-0.221664525
3906,0.445173343,-0.046664525
3907,0.520173343,0.078335475
3908,0.170173343,0.153335475
3909,0.145173343,0.078335475
3910,-0.279826658,-0.196664525
3911,0.245173343,-0.071664525
3912,0.270173343,0.203335475
3913,0.520173343,0.353335475
3914,0.470173343,0.178335475
3915,0.520173343,0.428335475
3916,0.470173343,0.203335475
3917,0.045173342,-0.121664525
3918,0.045173342,-0.296664525
3919,0.245173343,-0.021664525
3920,0.495173343,0.278335475
3921,0.520173343,-0.046664525
3922,0.345173343,0.253335475
3923,0.445173343,0.453335475
3924,0.320173343,0.178335475
3925,0.020173342,0.078335475
3926,0.420173343,0.153335475
3927,0.045173342,0.253335475
3928,0.295173343,-0.221664525
3929,0.570173343,0.128335475
3930,-0.104826658,0.003335475
3931,0.270173343,0.028335475
3932,0.395173343,0.053335475
3933,0.645173343,0.153335475
3934,-0.154826658,0.303335475
3935,-0.004826658,0.028335475
3936,-0.354826658,-0.421664525
3937,-0.129826658,-0.071664525
3938,0.645173343,0.253335475
3939,-0.304826658,-0.046664525
3940,0.295173343,0.128335475
3941,-0.004826658,0.153335475
3942,0.595173343,0.453335475
3943,-0.004826658,-0.096664525
3944,0.170173343,0.378335475
3945,0.420173343,0.353335475
3946,0.395173343,-0.146664525
3947,0.745173343,0.103335475
3948,0.570173343,-0.146664525
3949,0.170173343,-0.596664525
3950,-0.254826658,-0.196664525
3951,-0.104826658,0.003335475
3952,-0.004826658,-0.121664525
3953,-0.004826658,0.128335475
3954,0.320173343,0.528335475
3955,0.520173343,0.228335475
3956,0.370173343,0.203335475
3957,0.095173342,0.053335475
3958,0.170173343,0.053335475
3959,0.345173343,0.028335475
3960,0.570173343,-0.021664525
3961,0.220173343,0.328335475
3962,0.145173343,-0.046664525
3963,0.270173343,-0.171664525
3964,0.570173343,-0.246664525
3965,-0.229826658,-0.321664525
3966,0.145173343,-0.246664525
3967,0.620173343,0.028335475
3968,0.440173343,0.003335475
3969,0.320173343,-0.221664525
3970,0.670173343,0.328335475
3971,0.270173343,0.228335475
3972,0.370173343,0.353335475
3973,-0.029826658,-0.071664525
3974,0.070173343,-0.296664525
3975,0.295173343,0.028335475
3976,0.245173343,0.078335475
3977,0.195173343,0.028335475
3978,0.520173343,0.478335475
3979,0.695173343,0.228335475
3980,0.245173343,0.228335475
3981,0.345173343,0.128335475
3982,0.020173342,-0.021664525
3983,-0.254826658,-0.421664525
3984,-0.379826658,-0.221664525
3985,0.295173343,0.053335475
3986,0.170173343,-0.146664525
3987,0.470173343,0.478335475
3988,0.345173343,0.228335475
3989,0.320173343,0.103335475
3990,-0.079826658,-0.096664525
3991,0.395173343,0.103335475
3992,0.595173343,0.078335475
3993,0.645173343,-0.271664525
3994,-0.229826658,-0.196664525
3995,0.070173343,0.028335475
3996,0.370173343,-0.171664525
3997,-0.129826658,0.178335475
3998,0.445173343,0.453335475
3999,0.245173343,0.003335475
4000,0.395173343,0.303335475
