song_id,Arousal_DEAP,Valence_DEAP,,song_Id,Arousal_PMEmo,Valence_PMEmo,,,
2,-0.354826658,-0.371664525,,1,-0.28845312,0.076105,,,
3,-0.279826658,-0.271664525,,4,-0.56345312,-0.498895,,,
4,0.270173343,0.278335475,,5,-0.78845312,-0.673895,,,
5,0.220173343,-0.046664525,,6,-0.06345312,-0.373895,,,
7,0.495173343,0.303335475,,7,0.31154688,0.376105,,,
8,0.095173342,-0.346664525,,8,-0.31345312,-0.623895,,,
10,0.070173343,-0.146664525,,9,-0.18845312,-0.498895,,,
12,0.345173343,0.228335475,,10,-0.21345312,-0.223895,,,
13,-0.104826658,-0.346664525,,12,0.28654688,0.076105,,,
17,0.395173343,-0.046664525,,13,0.56154688,0.101105,,,
18,-0.129826658,0.053335475,,14,0.03654688,0.076105,,,
19,-0.029826658,0.328335475,,15,0.13654688,0.251105,,,
20,0.520173343,0.203335475,,16,-0.01345312,0.076105,,,
21,0.470173343,0.503335475,,17,0.56154688,0.276105,,,
22,0.095173342,-0.146664525,,18,0.51154688,0.601105,,,
24,-0.129826658,0.178335475,,19,0.43654688,0.426105,,,
25,0.070173343,0.828335475,,20,0.01154688,0.201105,,,
31,-0.154826658,0.028335475,,21,0.63654688,0.476105,,,
32,-0.279826658,-0.096664525,,23,0.16154688,0.276105,,,
35,0.520173343,0.053335475,,25,0.434274153,0.494286818,,,
37,0.220173343,0.503335475,,26,0.56154688,0.451105,,,
39,0.245173343,0.678335475,,28,-0.11345312,0.076105,,,
40,0.095173342,0.003335475,,29,0.31154688,0.276105,,,
41,0.170173343,-0.071664525,,30,0.13654688,0.001105,,,
42,0.170173343,0.378335475,,31,0.16154688,-0.198895,,,
43,-0.229826658,0.528335475,,32,0.06154688,-0.298895,,,
44,0.120173343,-0.171664525,,33,0.18654688,0.426105,,,
45,-0.579826658,0.128335475,,34,0.28654688,0.601105,,,
46,-0.104826658,0.178335475,,35,-0.41345312,0.176105,,,
47,-0.004826658,-0.046664525,,37,0.51154688,0.426105,,,
48,0.095173342,-0.021664525,,38,0.68654688,0.601105,,,
49,0.220173343,-0.171664525,,39,0.66154688,0.107923182,,,
50,0.095173342,-0.246664525,,40,-0.33845312,0.251105,,,
51,-0.304826658,-0.246664525,,42,0.43654688,0.126105,,,
52,0.170173343,0.003335475,,43,0.63654688,0.501105,,,
53,0.209,-0.071664525,,44,0.28654688,0.276105,,,
54,-0.279826658,-0.371664525,,46,0.58654688,0.076105,,,
55,0.245173343,0.303335475,,47,-0.28845312,-0.148895,,,
56,0.345173343,0.453335475,,48,0.36154688,0.601105,,,
58,-0.254826658,-0.321664525,,49,0.48654688,0.351105,,,
59,-0.079826658,0.178335475,,50,0.58654688,0.101105,,,
60,0.495173343,-0.071664525,,51,0.56154688,0.451105,,,
62,-0.129826658,0.403335475,,52,0.08654688,-0.148895,,,
64,0.120173343,-0.246664525,,54,0.66154688,0.476105,,,
65,0.345173343,0.453335475,,55,0.16154688,-0.273895,,,
67,0.595173343,0.653335475,,56,-0.26345312,-0.523895,,,
68,0.120173343,-0.196664525,,57,-0.03845312,-0.348895,,,
69,-0.129826658,-0.346664525,,58,-0.56345312,-0.573895,,,
70,-0.204826658,-0.046664525,,59,0.11154688,0.126105,,,
71,-0.179826658,0.328335475,,60,-0.247544029,-0.255713182,,,
72,0.295173343,0.528335475,,61,-0.33845312,-0.523895,,,
73,0.295173343,0.303335475,,63,-0.33845312,-0.148895,,,
74,-0.029826658,-0.396664525,,65,0.08654688,0.426105,,,
76,-0.304826658,-0.071664525,,66,0.63654688,0.451105,,,
77,-0.379826658,-0.096664525,,67,0.51154688,0.101105,,,
78,-0.129826658,-0.296664525,,68,0.21154688,0.076105,,,
79,0.270173343,0.228335475,,69,0.33654688,0.476105,,,
80,0.170173343,0.353335475,,70,0.06154688,-0.023895,,,
81,-0.129826658,0.378335475,,71,0.43654688,0.101105,,,
82,-0.229826658,-0.421664525,,72,0.41154688,0.301105,,,
83,0.345173343,0.378335475,,73,-0.01345312,0.301105,,,
84,0.295173343,0.328335475,,74,0.68654688,0.476105,,,
85,0.445173343,0.628335475,,75,0.83654688,0.401105,,,
86,0.295173343,0.203335475,,76,0.18654688,0.226105,,,
87,-0.454826658,0.178335475,,78,-0.08845312,0.244286818,,,
88,0.270173343,0.528335475,,79,0.76154688,0.176105,,,
89,0.095173342,-0.021664525,,80,0.36154688,0.451105,,,
90,-0.054826658,-0.071664525,,81,0.13654688,0.326105,,,
91,0.270173343,-0.021664525,,83,0.46154688,0.376105,,,
92,0.070173343,0.303335475,,84,-0.08845312,0.526105,,,
93,0.395173343,0.653335475,,86,0.31154688,0.376105,,,
95,0.045173342,-0.321664525,,87,0.23654688,0.126105,,,
96,0.620173343,0.553335475,,88,0.16154688,0.101105,,,
98,-0.429826658,-0.071664525,,89,0.28654688,0.426105,,,
99,-0.079826658,-0.071664525,,90,0.21154688,-0.098895,,,
101,-0.404826658,-0.296664525,,91,0.63654688,0.401105,,,
102,0.245173343,0.478335475,,92,0.21154688,0.076105,,,
103,-0.279826658,0.253335475,,93,0.13654688,0.226105,,,
104,-0.279826658,0.378335475,,94,0.43654688,0.526105,,,
105,0.145173343,0.478335475,,96,0.66154688,0.576105,,,
106,-0.279826658,0.003335475,,97,0.61154688,0.426105,,,
107,0.095173342,0.353335475,,98,0.38654688,0.226105,,,
108,-0.054826658,-0.021664525,,99,0.28654688,0.301105,,,
109,0.020173342,-0.046664525,,100,-0.73845312,-0.473895,,,
110,-0.404826658,-0.046664525,,102,0.38654688,0.576105,,,
111,0.220173343,0.178335475,,103,0.08654688,0.476105,,,
112,0.495173343,0.553335475,,104,0.58654688,0.576105,,,
113,-0.154826658,0.203335475,,105,-0.53845312,-0.298895,,,
114,0.320173343,0.053335475,,106,0.31154688,0.276105,,,
115,0.845173343,0.953335475,,107,0.11154688,0.151105,,,
116,-0.129826658,-0.046664525,,108,0.63654688,0.651105,,,
117,0.145173343,-0.171664525,,109,0.51154688,0.501105,,,
118,0.045173342,0.078335475,,113,0.41154688,0.351105,,,
119,-0.304826658,-0.071664525,,114,0.38654688,0.401105,,,
120,0.145173343,-0.196664525,,115,0.51154688,0.526105,,,
121,-0.129826658,-0.371664525,,116,0.71154688,0.451105,,,
122,0.045173342,0.228335475,,117,0.61154688,0.326105,,,
123,0.445173343,0.378335475,,119,-0.11345312,0.251105,,,
124,-0.404826658,-0.221664525,,120,0.43654688,0.451105,,,
125,-0.054826658,-0.021664525,,123,-0.46345312,-0.098895,,,
126,0.420173343,0.128335475,,124,0.71154688,0.601105,,,
127,0.220173343,-0.396664525,,126,0.31154688,0.326105,,,
128,-0.104826658,-0.246664525,,127,0.53654688,0.576105,,,
129,0.395173343,-0.096664525,,128,-0.06345312,0.126105,,,
130,-0.054826658,-0.321664525,,132,0.61154688,0.351105,,,
131,0.120173343,0.378335475,,133,0.46154688,0.401105,,,
133,-0.554826658,-0.446664525,,134,0.51154688,0.351105,,,
134,0.395173343,0.203335475,,135,0.38654688,-0.273895,,,
135,-0.229826658,-0.221664525,,136,0.16154688,-0.023895,,,
136,0.445173343,0.553335475,,137,0.43654688,0.326105,,,
137,0.345173343,-0.071664525,,138,0.23654688,0.101105,,,
138,-0.504826658,-0.196664525,,139,0.33654688,0.476105,,,
140,0.020173342,-0.096664525,,140,0.03654688,0.226105,,,
142,0.095173342,0.003335475,,141,-0.01345312,0.226105,,,
143,0.120173343,-0.146664525,,142,0.11154688,0.176105,,,
144,0.070173343,-0.296664525,,143,0.03654688,0.176105,,,
145,0.245173343,-0.371664525,,144,0.63654688,0.576105,,,
146,-0.229826658,-0.546664525,,145,0.43654688,0.426105,,,
148,0.145173343,0.028335475,,146,0.23654688,0.401105,,,
149,-0.329826658,-0.296664525,,147,0.01154688,0.226105,,,
150,0.245173343,0.103335475,,148,-0.28845312,-0.073895,,,
151,0.020173342,-0.146664525,,149,-0.31345312,-0.548895,,,
152,0.295173343,-0.046664525,,150,0.38654688,0.376105,,,
153,0.020173342,-0.171664525,,151,-0.43845312,0.151105,,,
154,-0.079826658,-0.096664525,,152,0.56154688,0.376105,,,
155,0.245173343,-0.246664525,,153,0.26154688,0.226105,,,
156,0.570173343,0.453335475,,156,0.23654688,0.026105,,,
157,0.445173343,-0.146664525,,157,-0.020271302,0.289741364,,,
158,-0.204826658,-0.621664525,,158,0.36154688,0.501105,,,
159,-0.329826658,-0.196664525,,159,0.66154688,0.276105,,,
160,-0.229826658,-0.271664525,,160,0.56154688,0.551105,,,
161,-0.229826658,0.428335475,,161,0.63654688,0.351105,,,
162,0.045173342,-0.221664525,,162,0.66154688,0.401105,,,
163,0.020173342,-0.246664525,,165,0.38654688,0.276105,,,
164,-0.379826658,-0.121664525,,166,0.16154688,0.076105,,,
166,-0.054826658,-0.371664525,,167,0.68654688,0.476105,,,
167,-0.279826658,-0.471664525,,168,0.33654688,0.176105,,,
168,-0.254826658,-0.321664525,,169,0.26154688,0.126105,,,
169,-0.404826658,-0.546664525,,170,-0.48845312,0.126105,,,
170,0.145173343,-0.396664525,,171,0.61154688,0.551105,,,
171,-0.204826658,-0.621664525,,172,0.18654688,0.176105,,,
172,0.145173343,-0.196664525,,174,-0.133907665,-0.005713182,,,
173,-0.554826658,0.003335475,,175,-0.13845312,-0.173895,,,
174,-0.154826658,-0.146664525,,176,0.33654688,0.226105,,,
175,-0.029826658,-0.221664525,,177,0.01154688,0.001105,,,
176,-0.129826658,-0.546664525,,179,0.38654688,-0.448895,,,
177,0.295173343,0.053335475,,180,0.06154688,0.301105,,,
178,-0.179826658,-0.446664525,,181,-0.11345312,0.176105,,,
179,0.395173343,0.153335475,,184,0.56154688,0.201105,,,
180,0.370173343,0.053335475,,185,0.23654688,-0.123895,,,
181,-0.479826658,-0.221664525,,186,0.56154688,0.351105,,,
182,-0.179826658,-0.596664525,,187,0.31154688,0.276105,,,
184,-0.254826658,-0.246664525,,188,-0.46345312,-0.273895,,,
185,0.045173342,0.078335475,,189,0.28654688,0.201105,,,
186,-0.104826658,-0.221664525,,191,0.43654688,0.576105,,,
187,-0.179826658,-0.521664525,,192,0.78654688,0.001105,,,
188,-0.279826658,-0.146664525,,196,-0.21345312,-0.348895,,,
189,0.670173343,0.478335475,,197,-0.41345312,-0.198895,,,
190,-0.329826658,-0.446664525,,198,0.638819607,0.426105,,,
191,0.470173343,0.128335475,,199,0.48654688,0.301105,,,
192,0.420173343,0.303335475,,200,0.31154688,0.051105,,,
193,-0.354826658,-0.121664525,,201,0.16154688,0.301105,,,
194,0.070173343,-0.471664525,,202,0.61154688,0.451105,,,
195,-0.429826658,-0.096664525,,203,0.46154688,0.301105,,,
196,0.020173342,-0.071664525,,204,0.38654688,0.101105,,,
197,-0.404826658,-0.596664525,,207,0.61154688,0.401105,,,
198,-0.279826658,-0.671664525,,209,0.28654688,0.476105,,,
199,0.320173343,0.178335475,,210,0.53654688,0.376105,,,
201,0.095173342,-0.221664525,,211,0.21154688,0.226105,,,
202,0.195173343,0.003335475,,212,0.23654688,0.126105,,,
203,0.095173342,-0.271664525,,213,0.03654688,-0.348895,,,
204,-0.554826658,-0.246664525,,215,-0.03845312,-0.048895,,,
205,0.020173342,-0.396664525,,216,0.21154688,0.251105,,,
206,-0.454826658,-0.571664525,,217,0.13654688,0.076105,,,
207,0.095173342,0.053335475,,219,0.58654688,0.426105,,,
208,0.520173343,0.053335475,,220,0.28654688,0.276105,,,
209,0.045173342,-0.371664525,,221,0.53654688,0.326105,,,
210,0.270173343,-0.096664525,,222,0.23654688,-0.373895,,,
211,0.120173343,-0.371664525,,224,0.08654688,-0.073895,,,
212,0.245173343,0.003335475,,225,-0.26345312,-0.023895,,,
213,-0.479826658,-0.496664525,,227,-0.13845312,-0.223895,,,
214,-0.079826658,-0.246664525,,228,0.01154688,-0.223895,,,
215,-0.454826658,-0.346664525,,229,-0.18845312,-0.273895,,,
216,0.220173343,-0.021664525,,230,-0.36345312,0.401105,,,
217,0.095173342,-0.271664525,,231,-0.01345312,0.026105,,,
218,-0.104826658,-0.421664525,,232,-0.26345312,-0.123895,,,
219,-0.154826658,-0.546664525,,233,-0.28845312,-0.098895,,,
220,-0.254826658,-0.121664525,,234,-0.31345312,-0.198895,,,
221,-0.254826658,-0.071664525,,235,-0.18845312,0.326105,,,
222,-0.029826658,-0.196664525,,236,-0.46345312,-0.473895,,,
223,-0.229826658,-0.596664525,,237,-0.03845312,-0.448895,,,
224,0.320173343,0.228335475,,238,0.18654688,0.051105,,,
225,-0.054826658,-0.221664525,,239,0.16154688,0.301105,,,
226,0.145173343,0.078335475,,241,-0.03845312,0.051105,,,
227,-0.229826658,-0.371664525,,242,0.16154688,0.151105,,,
228,-0.104826658,-0.271664525,,244,-0.51345312,-0.248895,,,
229,0.095173342,0.053335475,,249,-0.01345312,-0.173895,,,
231,0.295173343,-0.121664525,,251,-0.224816756,-0.142076818,,,
232,-0.429826658,-0.521664525,,252,-0.81345312,-0.348895,,,
233,0.020173342,0.028335475,,253,0.13654688,-0.023895,,,
234,-0.129826658,-0.271664525,,257,-0.26345312,-0.448895,,,
235,-0.179826658,-0.396664525,,258,0.26154688,-0.123895,,,
236,-0.504826658,-0.521664525,,260,-0.16345312,-0.473895,,,
237,-0.129826658,-0.096664525,,263,-0.26345312,-0.373895,,,
238,0.045173342,-0.396664525,,265,-0.06345312,0.276105,,,
239,-0.279826658,-0.571664525,,267,-0.53845312,-0.373895,,,
240,0.545173343,0.453335475,,269,0.08654688,0.201105,,,
241,0.045173342,-0.121664525,,273,-0.41345312,-0.348895,,,
242,0.070173343,-0.271664525,,275,-0.41345312,-0.248895,,,
243,-0.079826658,0.653335475,,276,0.21154688,-0.048895,,,
244,-0.054826658,-0.071664525,,277,-0.68845312,-0.298895,,,
245,0.420173343,-0.096664525,,279,-0.36345312,-0.148895,,,
246,-0.304826658,0.078335475,,280,-0.43845312,-0.023895,,,
247,0.020173342,-0.171664525,,282,-0.01345312,-0.023895,,,
248,-0.179826658,-0.296664525,,283,0.06154688,0.001105,,,
250,-0.204826658,-0.296664525,,284,-0.16345312,-0.098895,,,
253,-0.479826658,0.503335475,,285,-0.06345312,-0.023895,,,
254,0.745173343,0.178335475,,287,-0.08845312,0.301105,,,
257,0.620173343,0.753335475,,292,0.81154688,0.651105,,,
258,-0.029826658,-0.071664525,,293,0.18654688,0.201105,,,
260,-0.204826658,0.178335475,,294,0.31154688,0.026105,,,
262,0.620173343,0.253335475,,295,0.36154688,0.426105,,,
264,0.270173343,0.178335475,,296,0.53654688,0.526105,,,
265,0.495173343,-0.021664525,,297,0.26154688,0.326105,,,
266,0.095173342,-0.246664525,,298,0.36154688,0.401105,,,
269,0.095173342,-0.071664525,,299,-0.58845312,0.226105,,,
270,0.670173343,0.378335475,,300,0.01154688,0.451105,,,
272,0.495173343,0.328335475,,301,0.56154688,0.501105,,,
273,0.695173343,0.203335475,,302,-0.08845312,0.076105,,,
274,0.395173343,0.778335475,,303,0.38654688,0.151105,,,
275,0.270173343,0.178335475,,304,0.71154688,0.401105,,,
276,0.220173343,0.378335475,,305,0.78654688,0.426105,,,
278,0.170173343,0.228335475,,306,0.46154688,0.676105,,,
279,0.070173343,-0.246664525,,307,0.71154688,0.076105,,,
280,-0.279826658,-0.096664525,,308,0.53654688,0.626105,,,
281,0.645173343,0.203335475,,309,-0.38845312,-0.298895,,,
282,-0.054826658,-0.346664525,,310,-0.28845312,0.276105,,,
284,0.195173343,-0.046664525,,312,0.58654688,0.501105,,,
285,0.170173343,-0.271664525,,313,-0.01345312,0.251105,,,
286,0.620173343,0.278335475,,314,0.03654688,0.226105,,,
288,0.195173343,-0.271664525,,315,0.61154688,0.226105,,,
289,0.570173343,0.278335475,,316,0.68654688,0.651105,,,
290,-0.129826658,-0.621664525,,317,0.76154688,0.651105,,,
292,0.745173343,0.678335475,,318,0.36154688,0.576105,,,
293,-0.054826658,0.428335475,,319,0.38654688,-0.073895,,,
294,0.520173343,0.228335475,,321,0.28654688,-0.098895,,,
296,0.320173343,0.328335475,,323,0.63654688,0.376105,,,
297,-0.204826658,-0.371664525,,324,0.68654688,0.026105,,,
298,0.245173343,-0.146664525,,325,-0.11345312,0.151105,,,
299,-0.029826658,-0.446664525,,326,0.28654688,0.326105,,,
300,0.020173342,0.553335475,,327,0.43654688,0.401105,,,
301,-0.179826658,-0.346664525,,329,0.78654688,0.501105,,,
302,0.645173343,0.503335475,,331,0.61154688,0.526105,,,
303,0.495173343,0.603335475,,332,0.43654688,0.376105,,,
304,0.045173342,-0.196664525,,333,0.48654688,0.476105,,,
305,0.595173343,0.453335475,,334,0.16154688,0.051105,,,
306,0.570173343,0.278335475,,336,0.41154688,0.376105,,,
307,0.595173343,0.378335475,,337,0.26154688,0.551105,,,
308,0.545173343,-0.071664525,,338,0.56154688,0.351105,,,
309,0.345173343,0.178335475,,339,0.36154688,0.501105,,,
310,-0.429826658,-0.621664525,,341,0.61154688,0.526105,,,
311,0.620173343,0.303335475,,342,0.41154688,0.301105,,,
312,0.345173343,0.003335475,,343,0.21154688,0.026105,,,
313,0.220173343,-0.246664525,,347,-0.71345312,-0.398895,,,
314,0.370173343,0.303335475,,348,-0.16345312,-0.473895,,,
315,0.770173343,0.453335475,,349,-0.53845312,-0.398895,,,
316,-0.229826658,-0.446664525,,350,-0.56345312,-0.323895,,,
317,-0.029826658,0.378335475,,351,-0.53845312,0.026105,,,
318,0.370173343,0.328335475,,353,-0.03845312,0.101105,,,
319,0.545173343,-0.021664525,,354,-0.38845312,-0.048895,,,
320,0.545173343,0.703335475,,355,-0.18845312,-0.423895,,,
321,0.395173343,0.678335475,,356,-0.13845312,0.051105,,,
322,0.795173343,0.378335475,,358,-0.31345312,0.301105,,,
323,0.327673343,0.058335475,,360,0.08654688,0.026105,,,
324,0.070173343,-0.321664525,,361,0.13654688,0.026105,,,
325,0.245173343,0.228335475,,362,-0.28845312,-0.148895,,,
326,0.695173343,0.203335475,,364,-0.33845312,-0.273895,,,
327,0.670173343,0.353335475,,366,-0.56345312,-0.498895,,,
328,-0.054826658,0.153335475,,367,0.13654688,-0.448895,,,
329,-0.054826658,-0.321664525,,368,0.11154688,0.076105,,,
330,-0.329826658,0.328335475,,370,-0.28845312,-0.573895,,,
332,0.620173343,0.228335475,,372,0.56154688,-0.723895,,,
333,0.420173343,0.528335475,,373,0.61154688,0.376105,,,
334,0.370173343,0.328335475,,375,0.38654688,0.476105,,,
335,0.595173343,0.553335475,,376,0.11154688,0.251105,,,
336,0.545173343,0.378335475,,379,0.78654688,0.751105,,,
338,-0.154826658,-0.396664525,,381,0.78654688,0.526105,,,
339,0.620173343,0.328335475,,382,0.684274153,0.653377727,,,
340,0.045173342,-0.196664525,,383,-0.08845312,-0.248895,,,
341,-0.004826658,-0.196664525,,385,0.56154688,0.426105,,,
342,0.170173343,-0.146664525,,386,0.03654688,0.101105,,,
343,0.920173343,0.603335475,,388,0.06154688,0.351105,,,
344,0.195173343,0.003335475,,389,-0.63845312,-0.348895,,,
345,0.520173343,0.653335475,,391,0.61154688,0.126105,,,
346,0.720173343,0.528335475,,393,-0.01345312,-0.148895,,,
347,0.350173343,-0.191664525,,394,0.41154688,0.276105,,,
348,0.320173343,0.103335475,,395,0.33654688,0.276105,,,
349,0.345173343,0.003335475,,396,0.21154688,0.351105,,,
350,0.520173343,0.353335475,,397,-0.18845312,-0.398895,,,
352,0.020173342,0.228335475,,398,-0.21345312,-0.198895,,,
353,0.095173342,-0.146664525,,399,0.13654688,-0.173895,,,
354,0.495173343,0.628335475,,401,-0.38845312,-0.573895,,,
355,0.520173343,0.128335475,,402,0.61154688,0.301105,,,
356,0.295173343,0.003335475,,403,0.43654688,0.551105,,,
357,0.520173343,0.053335475,,405,0.38654688,0.351105,,,
358,-0.054826658,0.253335475,,407,0.48654688,0.051105,,,
359,-0.179826658,-0.521664525,,408,0.73654688,0.151105,,,
360,0.270173343,-0.521664525,,409,0.73654688,0.251105,,,
361,-0.264826658,-0.509164525,,410,0.31154688,-0.173895,,,
362,0.370173343,-0.146664525,,411,-0.73845312,0.201105,,,
364,0.520173343,0.228335475,,412,-0.08845312,-0.198895,,,
365,0.670173343,0.353335475,,413,0.06154688,0.276105,,,
366,0.420173343,0.578335475,,414,0.070637789,0.017014091,,,
367,-0.429826658,-0.371664525,,415,-0.133907665,-0.028440455,,,
368,0.420173343,0.053335475,,417,0.63654688,0.476105,,,
369,-0.254826658,-0.421664525,,418,-0.23845312,-0.323895,,,
370,-0.254826658,-0.196664525,,419,-0.91345312,-0.623895,,,
371,0.545173343,0.153335475,,420,0.46154688,0.026105,,,
372,0.095173342,-0.246664525,,421,0.61154688,0.376105,,,
374,0.120173343,0.603335475,,423,0.68654688,0.226105,,,
375,-0.404826658,-0.671664525,,424,0.01154688,0.226105,,,
376,0.370173343,0.103335475,,425,0.81154688,0.551105,,,
378,0.370173343,0.228335475,,426,0.56154688,0.351105,,,
379,-0.379826658,-0.671664525,,427,0.46154688,0.326105,,,
380,0.095173342,0.253335475,,428,-0.11345312,0.051105,,,
381,0.570173343,0.353335475,,429,-0.63845312,-0.273895,,,
383,-0.204826658,-0.096664525,,431,-0.03845312,0.201105,,,
384,-0.079826658,-0.246664525,,432,-0.33845312,-0.273895,,,
386,0.270173343,0.103335475,,433,-0.36345312,-0.073895,,,
387,0.445173343,0.403335475,,434,-0.06345312,-0.298895,,,
390,0.445173343,0.278335475,,435,-0.53845312,-0.373895,,,
391,0.420173343,0.228335475,,436,-0.58845312,-0.373895,,,
392,0.095173342,-0.296664525,,437,-0.71345312,-0.323895,,,
393,0.495173343,0.353335475,,438,-0.41345312,-0.423895,,,
395,0.445173343,0.528335475,,439,-0.63845312,-0.548895,,,
397,0.645173343,0.603335475,,440,-0.48845312,-0.498895,,,
399,0.645173343,0.528335475,,441,0.26154688,0.301105,,,
400,0.295173343,0.128335475,,442,0.33654688,0.151105,,,
401,0.495173343,0.228335475,,443,0.31154688,0.276105,,,
402,0.670173343,0.628335475,,444,0.38654688,0.451105,,,
403,0.195173343,0.128335475,,445,0.08654688,-0.148895,,,
404,0.595173343,0.578335475,,446,-0.23845312,-0.098895,,,
405,0.745173343,0.378335475,,447,0.08654688,0.126105,,,
406,-0.029826658,0.178335475,,448,0.46154688,0.401105,,,
407,0.020173342,-0.071664525,,449,0.31154688,0.401105,,,
408,0.420173343,0.503335475,,450,0.41154688,0.451105,,,
410,0.170173343,-0.196664525,,451,0.71154688,0.601105,,,
415,0.195173343,0.353335475,,452,0.21154688,0.401105,,,
416,0.195173343,0.228335475,,454,0.58654688,0.551105,,,
419,-0.104826658,-0.321664525,,455,0.66154688,0.401105,,,
420,0.245173343,-0.021664525,,456,0.31154688,-0.023895,,,
422,-0.179826658,-0.446664525,,457,0.23654688,0.501105,,,
423,0.020173342,0.153335475,,458,0.41154688,0.401105,,,
425,0.595173343,0.628335475,,460,0.51154688,0.326105,,,
426,0.220173343,0.178335475,,461,-0.33845312,0.201105,,,
427,0.345173343,0.153335475,,462,-0.26345312,0.226105,,,
428,0.545173343,0.503335475,,463,-0.48845312,0.051105,,,
429,-0.029826658,-0.321664525,,465,-0.41345312,-0.223895,,,
430,-0.379826658,-0.146664525,,466,0.21154688,0.401105,,,
431,0.270173343,0.378335475,,468,0.43654688,0.501105,,,
432,0.220173343,0.178335475,,469,0.33654688,0.351105,,,
435,0.370173343,-0.021664525,,470,0.43654688,0.626105,,,
436,0.195173343,-0.071664525,,471,0.66154688,0.501105,,,
437,-0.029826658,0.153335475,,472,0.13654688,0.251105,,,
440,0.470173343,0.178335475,,476,0.31154688,0.651105,,,
441,0.170173343,0.003335475,,477,0.06154688,0.351105,,,
442,0.020173342,-0.121664525,,478,0.21154688,0.276105,,,
444,-0.479826658,-0.571664525,,479,-0.63845312,-0.298895,,,
445,0.045173342,-0.546664525,,480,0.48654688,0.201105,,,
448,0.520173343,0.528335475,,481,0.28654688,0.151105,,,
449,-0.154826658,-0.246664525,,482,0.025183244,0.062468636,,,
450,0.145173343,-0.121664525,,483,0.06154688,-0.048895,,,
451,-0.004826658,0.078335475,,484,0.26154688,0.176105,,,
452,0.582673343,0.215835475,,485,0.33654688,0.326105,,,
453,0.295173343,0.003335475,,486,-0.33845312,0.076105,,,
454,0.095173342,0.103335475,,487,0.51154688,0.476105,,,
455,0.320173343,0.203335475,,488,0.23654688,0.126105,,,
456,-0.529826658,0.378335475,,489,0.729728698,0.517014091,,,
458,0.145173343,-0.296664525,,490,0.56154688,0.301105,,,
459,0.420173343,0.428335475,,491,0.06154688,-0.198895,,,
460,-0.154826658,-0.196664525,,492,0.71154688,0.501105,,,
461,-0.004826658,0.053335475,,493,0.38654688,0.426105,,,
462,0.045173342,0.303335475,,494,0.51154688,-0.148895,,,
463,0.320173343,0.103335475,,495,0.58654688,-0.123895,,,
464,0.295173343,0.128335475,,496,0.23654688,0.001105,,,
466,0.370173343,0.503335475,,499,0.63654688,0.576105,,,
467,0.595173343,0.278335475,,500,0.31154688,-0.223895,,,
468,-0.254826658,-0.246664525,,501,0.58654688,0.551105,,,
469,0.220173343,0.128335475,,503,0.138819607,-0.096622273,,,
472,0.195173343,0.478335475,,504,0.26154688,0.276105,,,
473,0.270173343,0.628335475,,505,0.21154688,0.151105,,,
475,0.145173343,0.253335475,,506,-0.53845312,-0.323895,,,
477,0.695173343,0.628335475,,507,0.51154688,0.251105,,,
478,-0.304826658,-0.446664525,,508,-0.36345312,0.001105,,,
479,0.320173343,-0.021664525,,510,0.33654688,0.576105,,,
480,-0.079826658,-0.471664525,,511,0.28654688,0.401105,,,
481,0.070173343,-0.296664525,,512,-0.46345312,-0.223895,,,
482,-0.229826658,-0.671664525,,514,0.61154688,0.426105,,,
484,0.520173343,0.453335475,,515,0.13654688,0.501105,,,
485,-0.179826658,-0.496664525,,516,-0.28845312,-0.148895,,,
486,0.320173343,0.403335475,,517,-0.56345312,-0.223895,,,
487,0.220173343,-0.021664525,,518,-0.23845312,-0.048895,,,
488,-0.254826658,-0.746664525,,519,-0.38845312,-0.548895,,,
489,0.195173343,0.003335475,,520,0.23654688,-0.773895,,,
490,-0.179826658,-0.171664525,,521,-0.06345312,-0.323895,,,
492,0.095173342,-0.046664525,,522,-0.01345312,-0.148895,,,
493,0.120173343,-0.221664525,,523,-0.41345312,-0.398895,,,
494,-0.079826658,-0.221664525,,524,-0.06345312,-0.523895,,,
496,0.370173343,0.028335475,,525,-0.61345312,-0.523895,,,
497,0.320173343,0.403335475,,526,-0.16345312,-0.023895,,,
498,-0.404826658,-0.421664525,,530,-0.497544029,-0.392076818,,,
499,-0.204826658,-0.246664525,,531,-0.63845312,-0.473895,,,
500,0.195173343,0.353335475,,532,-0.01345312,-0.398895,,,
501,-0.004826658,-0.521664525,,534,-0.76345312,-0.498895,,,
502,0.045173342,0.053335475,,535,0.43654688,0.501105,,,
503,0.495173343,0.303335475,,536,0.48654688,0.576105,,,
504,-0.104826658,0.053335475,,537,0.43654688,0.351105,,,
506,-0.079826658,-0.421664525,,539,0.13654688,0.226105,,,
507,0.095173342,0.078335475,,540,-0.06345312,-0.298895,,,
512,0.245173343,0.128335475,,541,-0.53845312,-0.373895,,,
513,-0.054826658,-0.371664525,,542,0.33654688,0.151105,,,
514,0.345173343,-0.071664525,,544,-0.18845312,0.176105,,,
515,-0.254826658,-0.196664525,,546,0.48654688,0.076105,,,
518,-0.254826658,-0.121664525,,548,-0.18845312,0.026105,,,
519,0.220173343,0.553335475,,549,-0.21345312,-0.448895,,,
520,0.270173343,-0.146664525,,550,-0.21345312,-0.323895,,,
521,0.045173342,-0.196664525,,551,-0.51345312,-0.323895,,,
522,-0.429826658,-0.271664525,,552,0.61154688,0.551105,,,
523,0.370173343,0.128335475,,554,0.23654688,0.226105,,,
524,-0.104826658,-0.321664525,,555,0.43654688,0.301105,,,
525,0.095173342,-0.071664525,,558,0.01154688,-0.048895,,,
527,0.320173343,-0.146664525,,560,0.23654688,-0.048895,,,
529,0.345173343,0.028335475,,561,0.56154688,0.701105,,,
530,-0.229826658,-0.321664525,,562,0.38654688,0.301105,,,
535,0.520173343,0.378335475,,563,0.38654688,0.301105,,,
536,0.020173342,0.128335475,,564,0.71154688,-0.123895,,,
537,-0.454826658,0.103335475,,565,0.36154688,0.201105,,,
540,-0.004826658,-0.121664525,,566,0.46154688,0.376105,,,
544,0.020173342,0.053335475,,567,0.66154688,0.576105,,,
547,0.095173342,-0.296664525,,568,0.86154688,0.576105,,,
550,0.370173343,-0.096664525,,569,0.31154688,0.226105,,,
551,-0.104826658,-0.346664525,,570,0.38654688,0.001105,,,
554,0.145173343,-0.446664525,,571,0.23654688,0.376105,,,
555,0.095173342,0.153335475,,572,0.38654688,-0.023895,,,
556,0.420173343,0.253335475,,573,0.43654688,0.451105,,,
558,-0.304826658,-0.446664525,,574,0.48654688,0.476105,,,
560,0.045173342,-0.421664525,,575,0.56154688,0.501105,,,
561,0.645173343,0.578335475,,576,0.33654688,0.351105,,,
564,0.120173343,0.028335475,,577,0.18654688,0.076105,,,
565,-0.354826658,-0.371664525,,578,-0.16345312,0.176105,,,
568,-0.329826658,0.203335475,,579,-0.56345312,-0.623895,,,
574,0.095173342,-0.021664525,,580,0.61154688,0.501105,,,
577,0.270173343,0.253335475,,582,-0.26345312,-0.073895,,,
579,-0.304826658,-0.371664525,,583,-0.06345312,-0.073895,,,
580,-0.004826658,-0.546664525,,584,-0.33845312,-0.148895,,,
581,0.395173343,0.178335475,,585,-0.03845312,-0.148895,,,
582,0.120173343,-0.371664525,,587,-0.31345312,0.126105,,,
584,-0.504826658,-0.521664525,,588,0.31154688,0.476105,,,
585,-0.054826658,-0.146664525,,589,0.01154688,-0.098895,,,
586,0.370173343,0.153335475,,590,-0.16345312,-0.348895,,,
591,0.445173343,0.278335475,,591,-0.58845312,-0.373895,,,
592,0.167673343,0.215835475,,592,-0.26345312,-0.248895,,,
594,-0.329826658,-0.096664525,,594,-0.06345312,-0.198895,,,
597,0.495173343,0.053335475,,595,-0.31345312,-0.273895,,,
598,0.295173343,-0.146664525,,597,0.51154688,0.326105,,,
600,-0.104826658,-0.271664525,,598,0.61154688,0.551105,,,
605,0.395173343,-0.046664525,,599,0.01154688,0.026105,,,
606,0.295173343,-0.121664525,,600,-0.26345312,0.226105,,,
607,0.420173343,-0.046664525,,601,0.28654688,0.326105,,,
608,-0.154826658,-0.421664525,,602,0.13654688,0.001105,,,
609,0.282673343,0.178335475,,603,0.53654688,0.351105,,,
610,0.520173343,0.428335475,,605,0.78654688,0.676105,,,
611,0.095173342,0.128335475,,606,0.66154688,0.526105,,,
612,0.545173343,0.253335475,,607,0.33654688,0.201105,,,
613,0.595173343,0.153335475,,608,0.18654688,0.051105,,,
614,-0.179826658,-0.071664525,,609,-0.21345312,-0.048895,,,
615,0.145173343,-0.346664525,,611,0.26154688,-0.123895,,,
616,0.145173343,-0.271664525,,612,-0.16345312,-0.323895,,,
617,-0.354826658,0.478335475,,613,0.08654688,0.301105,,,
620,-0.004826658,0.303335475,,614,-0.51345312,-0.098895,,,
621,-0.004826658,-0.421664525,,615,0.38654688,0.276105,,,
622,0.145173343,-0.021664525,,616,0.63654688,0.501105,,,
623,0.370173343,-0.196664525,,617,0.68654688,0.551105,,,
625,-0.004826658,-0.371664525,,621,-0.36345312,0.026105,,,
628,0.595173343,0.078335475,,622,0.53654688,0.276105,,,
629,0.795173343,0.703335475,,623,0.61154688,0.476105,,,
631,-0.329826658,0.753335475,,624,0.06154688,0.026105,,,
632,0.245173343,-0.096664525,,625,0.41154688,0.226105,,,
634,0.345173343,0.028335475,,626,0.78654688,0.476105,,,
635,0.795173343,0.503335475,,627,0.13654688,0.276105,,,
637,-0.204826658,-0.596664525,,628,0.13654688,0.176105,,,
638,-0.004826658,-0.346664525,,629,0.33654688,0.051105,,,
639,0.470173343,0.378335475,,630,0.21154688,0.476105,,,
640,0.845173343,0.753335475,,631,0.01154688,0.051105,,,
643,-0.054826658,-0.271664525,,632,0.63654688,0.301105,,,
644,0.295173343,-0.071664525,,634,-0.63845312,-0.598895,,,
645,0.320173343,0.003335475,,635,0.18654688,0.576105,,,
646,-0.154826658,-0.371664525,,636,0.43654688,0.426105,,,
647,0.345173343,-0.396664525,,637,0.46154688,0.226105,,,
648,0.595173343,0.128335475,,638,0.46154688,0.476105,,,
649,0.570173343,0.403335475,,639,0.46154688,0.301105,,,
650,-0.054826658,0.353335475,,643,0.01154688,0.101105,,,
651,0.670173343,0.453335475,,644,0.38654688,0.451105,,,
652,-0.029826658,-0.346664525,,645,0.11154688,0.151105,,,
653,0.520173343,0.178335475,,646,0.63654688,0.501105,,,
654,-0.004826658,0.128335475,,647,0.03654688,0.151105,,,
656,-0.079826658,-0.496664525,,648,0.28654688,0.326105,,,
657,0.295173343,0.128335475,,649,-0.21345312,-0.448895,,,
658,0.320173343,-0.046664525,,650,0.18654688,0.001105,,,
660,-0.404826658,-0.621664525,,651,0.56154688,0.476105,,,
661,-0.404826658,-0.596664525,,652,0.01154688,0.276105,,,
662,0.170173343,0.328335475,,653,0.06154688,0.251105,,,
663,-0.029826658,-0.321664525,,654,0.68654688,0.676105,,,
664,0.545173343,0.603335475,,656,-0.11345312,-0.248895,,,
665,0.445173343,0.278335475,,657,0.11154688,-0.048895,,,
666,0.145173343,0.178335475,,659,-0.31345312,-0.323895,,,
667,0.120173343,-0.096664525,,660,0.58654688,0.576105,,,
668,0.220173343,0.103335475,,661,0.18654688,0.026105,,,
671,-0.179826658,-0.371664525,,662,0.26154688,-0.023895,,,
672,0.470173343,-0.046664525,,665,0.41154688,0.426105,,,
673,0.570173343,0.503335475,,666,0.26154688,0.326105,,,
674,0.745173343,0.553335475,,668,0.36154688,0.226105,,,
675,0.345173343,0.128335475,,670,-0.38845312,-0.223895,,,
676,0.545173343,0.503335475,,671,0.26154688,-0.248895,,,
677,0.220173343,0.478335475,,672,0.01154688,-0.148895,,,
681,0.545173343,0.078335475,,673,-0.06345312,-0.673895,,,
682,0.395173343,0.053335475,,674,-0.31345312,-0.573895,,,
684,0.120173343,-0.071664525,,675,-0.46345312,-0.473895,,,
685,-0.204826658,-0.021664525,,676,0.01154688,-0.123895,,,
686,0.270173343,-0.296664525,,677,0.03654688,-0.348895,,,
687,0.745173343,0.678335475,,678,0.48654688,0.651105,,,
688,0.145173343,-0.071664525,,679,0.31154688,0.126105,,,
689,0.045173342,-0.196664525,,681,0.51154688,0.326105,,,
690,-0.004826658,-0.546664525,,682,0.46154688,0.151105,,,
691,-0.179826658,0.103335475,,683,-0.61345312,0.401105,,,
692,0.420173343,0.578335475,,684,-0.33845312,-0.173895,,,
693,0.220173343,0.403335475,,685,0.16154688,0.401105,,,
695,0.445173343,0.328335475,,686,0.11154688,0.376105,,,
696,0.345173343,0.178335475,,688,-0.16345312,-0.148895,,,
697,0.345173343,0.053335475,,689,-0.23845312,-0.373895,,,
698,-0.179826658,-0.171664525,,692,-0.08845312,-0.048895,,,
699,0.020173342,-0.221664525,,693,0.11154688,-0.273895,,,
700,0.295173343,0.053335475,,694,-0.31345312,-0.398895,,,
702,-0.279826658,0.728335475,,697,0.31154688,-0.098895,,,
703,0.395173343,0.128335475,,698,-0.36345312,-0.548895,,,
704,-0.054826658,-0.121664525,,699,0.33654688,0.476105,,,
706,0.395173343,0.228335475,,700,-0.38845312,-0.123895,,,
707,-0.329826658,-0.346664525,,703,0.002455971,0.017014091,,,
708,-0.304826658,-0.346664525,,704,0.16154688,0.326105,,,
709,0.145173343,0.303335475,,705,-0.71345312,-0.198895,,,
710,0.170173343,0.203335475,,706,-0.28845312,0.151105,,,
711,-0.329826658,-0.421664525,,707,-0.46345312,-0.473895,,,
712,0.220173343,-0.296664525,,708,0.23654688,0.101105,,,
713,0.470173343,0.078335475,,710,0.48654688,0.476105,,,
714,0.095173342,-0.046664525,,711,-0.03845312,0.276105,,,
715,-0.029826658,-0.421664525,,713,0.28654688,0.401105,,,
717,0.120173343,-0.021664525,,715,-0.43845312,-0.023895,,,
718,0.520173343,0.328335475,,716,-0.08845312,-0.023895,,,
719,0.695173343,0.628335475,,717,-0.01345312,0.301105,,,
721,0.270173343,0.278335475,,718,-0.06345312,0.101105,,,
722,0.645173343,0.278335475,,719,-0.03845312,0.051105,,,
723,0.695173343,0.478335475,,720,0.38654688,0.201105,,,
724,0.420173343,0.353335475,,722,0.06154688,0.226105,,,
725,0.170173343,0.128335475,,726,0.38654688,0.351105,,,
726,-0.204826658,0.603335475,,727,0.01154688,-0.123895,,,
727,0.020173342,-0.071664525,,728,-0.21345312,-0.523895,,,
728,0.770173343,0.578335475,,729,-0.03845312,-0.273895,,,
729,-0.229826658,0.453335475,,730,0.01154688,0.076105,,,
730,0.020173342,-0.221664525,,731,0.28654688,0.326105,,,
731,0.345173343,0.678335475,,732,0.18654688,0.151105,,,
732,0.470173343,0.253335475,,733,-0.08845312,0.126105,,,
733,0.145173343,-0.071664525,,734,0.58654688,0.576105,,,
734,0.470173343,0.278335475,,736,-0.11345312,-0.248895,,,
735,0.120173343,-0.071664525,,738,0.08654688,0.351105,,,
736,-0.179826658,-0.471664525,,739,0.28654688,0.301105,,,
737,0.120173343,-0.121664525,,740,0.502455971,0.426105,,,
738,0.445173343,0.228335475,,741,-0.13845312,-0.223895,,,
739,0.620173343,0.403335475,,742,0.36154688,0.376105,,,
740,-0.104826658,-0.221664525,,743,0.61154688,0.376105,,,
741,-0.004826658,0.003335475,,744,0.53654688,0.376105,,,
742,0.520173343,0.378335475,,745,0.41154688,0.151105,,,
743,0.145173343,-0.371664525,,746,0.23654688,0.501105,,,
744,0.270173343,0.378335475,,747,0.51154688,0.476105,,,
745,-0.704826658,-0.096664525,,748,-0.36345312,-0.148895,,,
746,0.045173342,-0.221664525,,749,-0.03845312,-0.098895,,,
747,0.120173343,-0.246664525,,750,-0.28845312,-0.548895,,,
748,-0.004826658,0.128335475,,751,0.08654688,-0.023895,,,
749,0.120173343,-0.096664525,,752,0.58654688,0.501105,,,
750,0.320173343,0.178335475,,753,0.43654688,0.176105,,,
756,0.595173343,0.328335475,,754,0.21154688,0.526105,,,
757,0.420173343,0.353335475,,755,-0.06345312,0.176105,,,
758,0.370173343,0.053335475,,757,0.23654688,-0.323895,,,
759,0.370173343,0.528335475,,758,0.58654688,0.176105,,,
763,0.270173343,-0.271664525,,759,0.38654688,0.601105,,,
764,0.770173343,0.428335475,,760,0.48654688,0.401105,,,
767,0.520173343,0.153335475,,761,0.46154688,0.501105,,,
769,0.145173343,0.403335475,,763,-0.31345312,0.026105,,,
773,0.070173343,-0.021664525,,765,0.51154688,0.451105,,,
775,-0.004826658,-0.221664525,,767,-0.13845312,-0.048895,,,
776,0.020173342,-0.271664525,,769,-0.03845312,-0.123895,,,
777,0.170173343,0.403335475,,770,0.03654688,0.151105,,,
779,0.220173343,-0.446664525,,771,-0.23845312,0.051105,,,
780,0.445173343,0.303335475,,772,0.58654688,0.151105,,,
781,0.470173343,0.078335475,,773,0.41154688,0.226105,,,
782,0.070173343,0.653335475,,774,0.18654688,0.426105,,,
784,0.320173343,0.028335475,,775,-0.41345312,-0.123895,,,
787,0.470173343,0.378335475,,776,0.18654688,-0.048895,,,
789,0.195173343,-0.171664525,,777,-0.03845312,-0.123895,,,
790,0.245173343,0.653335475,,778,0.73654688,0.551105,,,
791,0.045173342,-0.471664525,,779,0.41154688,-0.248895,,,
794,-0.054826658,-0.521664525,,780,-0.06345312,-0.198895,,,
795,-0.229826658,-0.596664525,,783,-0.13845312,-0.173895,,,
796,0.170173343,0.153335475,,784,-0.18845312,-0.373895,,,
797,0.245173343,0.078335475,,786,0.36154688,-0.173895,,,
798,0.370173343,0.478335475,,788,0.13654688,-0.023895,,,
799,0.295173343,-0.121664525,,789,-0.38845312,-0.823895,,,
800,0.020173342,-0.021664525,,790,0.28654688,0.376105,,,
801,-0.229826658,-0.321664525,,791,0.48654688,0.351105,,,
804,0.595173343,0.578335475,,792,0.61154688,0.176105,,,
805,-0.229826658,-0.596664525,,793,0.33654688,0.201105,,,
806,0.545173343,0.453335475,,794,0.06154688,0.076105,,,
807,0.520173343,0.053335475,,796,0.11154688,-0.323895,,,
808,-0.029826658,-0.371664525,,797,0.18654688,0.476105,,,
810,0.545173343,0.478335475,,798,0.38654688,0.126105,,,
811,0.120173343,-0.121664525,,799,0.43654688,0.001105,,,
813,0.570173343,0.403335475,,801,-0.41345312,-0.498895,,,
814,0.220173343,0.378335475,,803,0.28654688,0.426105,,,
815,0.370173343,0.228335475,,804,0.26154688,0.226105,,,
818,0.595173343,0.328335475,,806,0.13654688,0.376105,,,
819,0.320173343,-0.146664525,,807,-0.41345312,-0.348895,,,
820,0.495173343,0.453335475,,808,-0.43845312,-0.573895,,,
823,0.095173342,0.053335475,,809,-0.71345312,0.226105,,,
824,0.645173343,0.653335475,,810,-0.26345312,0.226105,,,
825,0.320173343,-0.121664525,,812,0.51154688,0.301105,,,
826,0.070173343,-0.146664525,,813,0.26154688,0.276105,,,
829,0.020173342,-0.571664525,,814,0.33654688,0.401105,,,
830,0.370173343,0.178335475,,815,-0.51345312,-0.448895,,,
831,0.445173343,0.153335475,,816,-0.48845312,-0.223895,,,
833,0.345173343,0.103335475,,818,-0.53845312,-0.798895,,,
834,-0.029826658,0.028335475,,820,0.23654688,0.126105,,,
836,0.320173343,0.628335475,,821,0.48654688,0.426105,,,
839,-0.004826658,0.278335475,,823,0.26154688,0.251105,,,
841,0.070173343,-0.096664525,,824,0.63654688,0.576105,,,
844,-0.254826658,-0.196664525,,825,-0.01345312,0.601105,,,
845,-0.104826658,0.128335475,,827,0.11154688,0.576105,,,
846,0.270173343,0.353335475,,828,0.21154688,0.126105,,,
848,-0.429826658,-0.596664525,,829,0.51154688,0.551105,,,
850,-0.329826658,-0.246664525,,830,0.46154688,0.126105,,,
851,-0.004826658,0.103335475,,831,0.58654688,0.751105,,,
852,0.070173343,-0.021664525,,832,0.61154688,0.176105,,,
854,-0.154826658,-0.421664525,,833,0.51154688,0.326105,,,
855,0.020173342,-0.421664525,,834,0.68654688,0.551105,,,
856,0.295173343,0.528335475,,835,0.23654688,0.151105,,,
857,0.220173343,0.078335475,,836,0.68654688,0.501105,,,
858,0.020173342,-0.046664525,,837,0.38654688,0.376105,,,
859,0.170173343,-0.246664525,,839,0.41154688,0.176105,,,
860,0.570173343,0.503335475,,842,0.11154688,-0.373895,,,
863,0.645173343,0.453335475,,844,0.48654688,0.426105,,,
864,0.370173343,0.278335475,,846,0.76154688,0.001105,,,
865,0.045173342,-0.446664525,,847,-0.06345312,0.451105,,,
866,0.170173343,0.303335475,,848,0.33654688,-0.048895,,,
867,0.520173343,0.303335475,,850,0.46154688,0.151105,,,
869,-0.079826658,-0.496664525,,851,-0.16345312,-0.248895,,,
871,0.395173343,0.453335475,,852,-0.11345312,-0.173895,,,
872,0.270173343,-0.296664525,,853,0.21154688,0.176105,,,
873,0.645173343,0.553335475,,854,0.58654688,0.501105,,,
874,-0.004826658,0.428335475,,855,0.66154688,0.476105,,,
876,0.570173343,0.428335475,,857,0.26154688,-0.648895,,,
879,0.395173343,0.253335475,,858,0.16154688,0.151105,,,
880,-0.154826658,0.078335475,,859,0.08654688,0.376105,,,
882,0.195173343,0.178335475,,860,0.26154688,0.201105,,,
884,0.145173343,0.228335475,,861,0.43654688,0.451105,,,
886,0.245173343,0.328335475,,862,0.68654688,0.626105,,,
887,0.295173343,0.128335475,,863,0.06154688,0.176105,,,
889,0.695173343,0.578335475,,864,-0.111180393,-0.255713182,,,
890,0.070173343,-0.246664525,,865,0.68654688,0.501105,,,
891,0.270173343,-0.296664525,,868,0.31154688,0.176105,,,
892,-0.379826658,-0.171664525,,869,-0.18845312,-0.048895,,,
893,-0.279826658,0.678335475,,870,0.21154688,0.051105,,,
897,-0.029826658,0.078335475,,871,0.41154688,0.226105,,,
898,0.270173343,0.453335475,,876,0.46154688,0.476105,,,
899,0.470173343,0.178335475,,879,-0.11345312,0.201105,,,
902,-0.279826658,0.603335475,,880,0.26154688,0.001105,,,
903,0.295173343,0.328335475,,881,0.08654688,0.126105,,,
904,-0.054826658,0.278335475,,882,0.61154688,0.126105,,,
908,0.120173343,0.228335475,,883,0.63654688,0.376105,,,
909,0.270173343,0.353335475,,884,0.33654688,0.451105,,,
910,0.545173343,0.603335475,,885,-0.23845312,-0.098895,,,
911,-0.104826658,0.628335475,,886,-0.03845312,0.376105,,,
913,-0.279826658,0.053335475,,888,0.26154688,0.276105,,,
915,0.195173343,0.103335475,,889,0.58654688,0.426105,,,
921,0.420173343,0.328335475,,890,0.48654688,0.501105,,,
924,0.445173343,0.203335475,,892,0.23654688,0.226105,,,
925,0.320173343,0.078335475,,894,-0.33845312,-0.323895,,,
926,0.270173343,-0.146664525,,895,0.18654688,-0.048895,,,
928,-0.104826658,0.103335475,,896,0.434274153,0.198832273,,,
931,0.520173343,0.428335475,,897,-0.31345312,0.051105,,,
932,0.120173343,-0.021664525,,900,0.21154688,0.001105,,,
934,0.495173343,0.403335475,,903,0.43654688,0.126105,,,
936,0.070173343,0.203335475,,904,0.31154688,0.051105,,,
938,-0.054826658,0.678335475,,905,-0.13845312,0.076105,,,
939,-0.429826658,0.403335475,,906,-0.43845312,-0.198895,,,
941,0.370173343,0.653335475,,907,-0.08845312,0.051105,,,
942,-0.079826658,0.053335475,,908,0.41154688,0.251105,,,
944,0.520173343,0.628335475,,909,0.56154688,0.251105,,,
945,-0.404826658,-0.571664525,,911,-0.03845312,-0.298895,,,
949,0.420173343,0.278335475,,913,-0.38845312,-0.523895,,,
952,-0.179826658,-0.096664525,,915,0.28654688,0.076105,,,
954,0.270173343,0.128335475,,916,-0.66345312,-0.398895,,,
955,0.295173343,-0.196664525,,917,0.38654688,0.251105,,,
956,0.245173343,-0.021664525,,918,-0.28845312,0.201105,,,
957,0.070173343,-0.446664525,,919,0.11154688,0.401105,,,
958,0.170173343,0.228335475,,921,-0.13845312,0.051105,,,
959,0.495173343,0.403335475,,922,0.43654688,0.401105,,,
960,0.820173343,0.778335475,,924,0.13654688,0.226105,,,
961,0.270173343,0.253335475,,925,0.08654688,0.151105,,,
962,-0.254826658,0.703335475,,926,-0.58845312,-0.098895,,,
964,0.645173343,0.753335475,,927,0.03654688,0.226105,,,
967,-0.004826658,-0.446664525,,928,0.58654688,0.576105,,,
968,-0.304826658,-0.196664525,,929,0.11154688,-0.398895,,,
970,0.545173343,0.503335475,,931,-0.21345312,-0.073895,,,
973,0.045173342,0.478335475,,932,0.31154688,0.251105,,,
974,-0.054826658,-0.121664525,,933,0.53654688,0.401105,,,
976,0.370173343,0.403335475,,934,-0.11345312,-0.298895,,,
977,-0.229826658,0.678335475,,935,-0.065725847,-0.301167727,,,
978,0.420173343,0.778335475,,936,-0.26345312,-0.173895,,,
979,0.270173343,-0.371664525,,937,0.11154688,0.101105,,,
980,-0.029826658,0.303335475,,938,0.36154688,0.426105,,,
981,0.545173343,0.528335475,,939,0.36154688,0.251105,,,
983,0.470173343,0.053335475,,940,0.16154688,-0.073895,,,
985,0.420173343,-0.171664525,,941,-0.83845312,-0.473895,,,
986,0.020173342,0.303335475,,943,0.16154688,-0.098895,,,
987,-0.204826658,0.428335475,,945,0.26154688,0.076105,,,
988,0.370173343,0.203335475,,946,-0.23845312,-0.273895,,,
989,0.495173343,0.428335475,,948,-0.11345312,-0.273895,,,
990,0.420173343,0.353335475,,950,0.31154688,0.301105,,,
991,-0.229826658,-0.371664525,,951,0.16154688,0.426105,,,
993,-0.154826658,-0.046664525,,952,-0.03845312,-0.098895,,,
994,0.220173343,0.503335475,,953,-0.41345312,0.026105,,,
995,-0.504826658,0.028335475,,957,-0.03845312,-0.398895,,,
996,0.570173343,0.353335475,,958,0.56154688,0.651105,,,
997,0.570173343,0.453335475,,959,0.51154688,-0.173895,,,
999,0.370173343,-0.121664525,,962,0.18654688,-0.673895,,,
1000,0.295173343,0.553335475,,964,-0.01345312,0.126105,,,
1001,-0.154826658,-0.046664525,,965,-0.08845312,0.001105,,,
1002,-0.304826658,-0.021664525,,966,0.06154688,-0.173895,,,
1003,-0.279826658,0.178335475,,967,0.26154688,-0.048895,,,
1004,0.070173343,-0.196664525,,968,-0.11345312,-0.273895,,,2511
1005,0.170173343,0.203335475,,969,-0.06345312,-0.723895,,,
1006,-0.004826658,0.003335475,,970,0.31154688,-0.098895,,,
1007,0.245173343,0.153335475,,971,0.08654688,0.026105,,,
1008,0.245173343,0.353335475,,973,0.06154688,0.126105,,,
1009,-0.179826658,-0.271664525,,974,0.16154688,0.101105,,,
1010,0.520173343,0.478335475,,978,0.28654688,0.376105,,,
1011,-0.354826658,-0.021664525,,979,-0.36345312,-0.048895,,,
1012,-0.379826658,-0.071664525,,980,0.18654688,0.376105,,,
1013,-0.229826658,-0.346664525,,981,0.51154688,0.126105,,,
1014,0.020173342,0.078335475,,983,0.46154688,-0.073895,,,
1015,0.470173343,0.328335475,,984,0.56154688,0.401105,,,
1016,-0.629826658,-0.321664525,,985,0.41154688,0.326105,,,
1017,-0.154826658,-0.121664525,,989,0.06154688,-0.448895,,,
1018,-0.479826658,-0.221664525,,992,-0.16345312,-0.348895,,,
1019,-0.404826658,-0.071664525,,993,0.63654688,0.451105,,,
1020,-0.479826658,-0.296664525,,996,0.66154688,0.051105,,,
1021,0.095173342,0.403335475,,997,0.33654688,0.251105,,,
1022,-0.279826658,-0.321664525,,999,0.66154688,0.476105,,,
1023,-0.529826658,-0.421664525,,1000,0.23654688,0.076105,,,
1024,-0.379826658,-0.346664525,,,,,,,
1025,0.420173343,0.128335475,,,,,,,
1026,-0.404826658,-0.221664525,,,,,,,
1027,-0.154826658,0.003335475,,,,,,,
1028,0.095173342,-0.021664525,,,,,,,
1029,0.020173342,-0.171664525,,,,,,,
1030,0.195173343,0.278335475,,,,,,,
1031,0.145173343,0.053335475,,,,,,,
1032,-0.079826658,-0.321664525,,,,,,,
1033,0.295173343,0.178335475,,,,,,,
1034,-0.404826658,-0.321664525,,,,,,,
1035,-0.054826658,-0.071664525,,,,,,,
1036,-0.354826658,0.053335475,,,,,,,
1037,-0.004826658,0.103335475,,,,,,,
1038,-0.079826658,0.103335475,,,,,,,
1039,0.045173342,0.428335475,,,,,,,
1040,0.220173343,0.403335475,,,,,,,
1041,0.245173343,0.253335475,,,,,,,
1042,-0.029826658,0.103335475,,,,,,,
1043,0.145173343,0.078335475,,,,,,,
1044,0.420173343,0.628335475,,,,,,,
1045,-0.329826658,-0.046664525,,,,,,,
1046,0.145173343,0.253335475,,,,,,,
1047,-0.004826658,0.178335475,,,,,,,
1048,0.570173343,0.103335475,,,,,,,
1049,0.570173343,0.178335475,,,,,,,
1050,0.345173343,0.353335475,,,,,,,
1051,0.220173343,0.153335475,,,,,,,
1052,0.545173343,0.228335475,,,,,,,
1053,0.470173343,-0.021664525,,,,,,,
1054,0.470173343,-0.221664525,,,,,,,
1055,0.470173343,-0.221664525,,,,,,,
1056,0.145173343,-0.096664525,,,,,,,
1057,0.670173343,0.028335475,,,,,,,
1058,0.345173343,-0.146664525,,,,,,,
1059,0.770173343,0.028335475,,,,,,,
1060,0.420173343,0.153335475,,,,,,,
1061,0.445173343,0.478335475,,,,,,,
1062,-0.029826658,-0.121664525,,,,,,,
1063,0.495173343,0.153335475,,,,,,,
1064,0.670173343,0.153335475,,,,,,,
1065,0.495173343,0.353335475,,,,,,,
1066,0.270173343,0.378335475,,,,,,,
1067,-0.254826658,-0.146664525,,,,,,,
1068,0.220173343,0.328335475,,,,,,,
1069,0.295173343,-0.071664525,,,,,,,
1070,0.345173343,0.153335475,,,,,,,
1071,0.220173343,0.478335475,,,,,,,
1072,0.270173343,0.428335475,,,,,,,
1073,-0.154826658,0.153335475,,,,,,,
1074,0.495173343,0.553335475,,,,,,,
1075,0.545173343,0.453335475,,,,,,,
1076,0.145173343,0.353335475,,,,,,,
1077,0.095173342,0.453335475,,,,,,,
1078,0.395173343,0.553335475,,,,,,,
1079,0.295173343,0.578335475,,,,,,,
1080,0.145173343,0.353335475,,,,,,,
1081,-0.229826658,0.103335475,,,,,,,
1082,0.495173343,0.528335475,,,,,,,
1083,0.545173343,0.378335475,,,,,,,
1084,-0.254826658,0.128335475,,,,,,,
1085,0.195173343,0.378335475,,,,,,,
1086,-0.029826658,0.328335475,,,,,,,
1087,0.495173343,0.353335475,,,,,,,
1088,0.545173343,0.678335475,,,,,,,
1089,0.545173343,0.453335475,,,,,,,
1090,0.545173343,0.253335475,,,,,,,
1091,0.345173343,0.278335475,,,,,,,
1092,0.470173343,0.303335475,,,,,,,
1093,0.395173343,0.303335475,,,,,,,
1094,0.470173343,0.453335475,,,,,,,
1095,0.445173343,0.403335475,,,,,,,
1096,-0.204826658,-0.196664525,,,,,,,
1097,0.245173343,0.228335475,,,,,,,
1098,0.470173343,0.553335475,,,,,,,
1099,0.370173343,0.278335475,,,,,,,
1100,0.295173343,0.428335475,,,,,,,
1101,-0.504826658,-0.221664525,,,,,,,
1102,0.020173342,-0.571664525,,,,,,,
1103,-0.229826658,-0.246664525,,,,,,,
1104,-0.004826658,-0.096664525,,,,,,,
1105,-0.179826658,-0.196664525,,,,,,,
1106,-0.129826658,-0.396664525,,,,,,,
1107,-0.304826658,-0.396664525,,,,,,,
1108,-0.179826658,0.053335475,,,,,,,
1109,-0.504826658,-0.096664525,,,,,,,
1110,0.245173343,0.128335475,,,,,,,
1111,-0.379826658,-0.346664525,,,,,,,
1112,-0.529826658,-0.371664525,,,,,,,
1113,-0.354826658,-0.296664525,,,,,,,
1114,-0.279826658,-0.296664525,,,,,,,
1115,-0.129826658,-0.046664525,,,,,,,
1116,-0.354826658,0.278335475,,,,,,,
1117,-0.254826658,-0.096664525,,,,,,,
1118,-0.629826658,-0.146664525,,,,,,,
1119,-0.579826658,-0.296664525,,,,,,,
1120,-0.404826658,-0.296664525,,,,,,,
1121,-0.529826658,-0.171664525,,,,,,,
1122,0.245173343,0.553335475,,,,,,,
1123,-0.329826658,-0.371664525,,,,,,,
1124,0.170173343,0.203335475,,,,,,,
1125,-0.354826658,0.078335475,,,,,,,
1126,-0.304826658,-0.171664525,,,,,,,
1127,-0.354826658,-0.296664525,,,,,,,
1128,-0.429826658,-0.221664525,,,,,,,
1129,-0.504826658,-0.271664525,,,,,,,
1130,-0.329826658,-0.196664525,,,,,,,
1131,-0.254826658,-0.021664525,,,,,,,
1132,-0.254826658,0.003335475,,,,,,,
1133,-0.504826658,0.103335475,,,,,,,
1134,-0.579826658,-0.121664525,,,,,,,
1135,-0.429826658,-0.371664525,,,,,,,
1136,-0.254826658,-0.021664525,,,,,,,
1137,-0.054826658,-0.071664525,,,,,,,
1138,-0.179826658,-0.046664525,,,,,,,
1139,-0.479826658,0.128335475,,,,,,,
1140,0.245173343,0.328335475,,,,,,,
1141,-0.204826658,-0.021664525,,,,,,,
1142,-0.579826658,-0.346664525,,,,,,,
1143,0.170173343,-0.196664525,,,,,,,
1144,0.045173342,-0.221664525,,,,,,,
1145,-0.504826658,0.028335475,,,,,,,
1146,-0.254826658,-0.496664525,,,,,,,
1147,-0.204826658,0.003335475,,,,,,,
1148,-0.354826658,-0.296664525,,,,,,,
1149,-0.454826658,-0.146664525,,,,,,,
1150,-0.529826658,-0.121664525,,,,,,,
1151,0.295173343,0.103335475,,,,,,,
1152,0.295173343,0.378335475,,,,,,,
1153,-0.479826658,-0.171664525,,,,,,,
1154,-0.004826658,-0.171664525,,,,,,,
1155,-0.029826658,-0.096664525,,,,,,,
1156,0.295173343,0.603335475,,,,,,,
1157,0.420173343,0.578335475,,,,,,,
1158,0.445173343,0.403335475,,,,,,,
1159,0.395173343,0.303335475,,,,,,,
1160,0.245173343,0.453335475,,,,,,,
1161,-0.479826658,-0.121664525,,,,,,,
1162,-0.154826658,-0.246664525,,,,,,,
1163,0.220173343,0.403335475,,,,,,,
1164,-0.329826658,-0.246664525,,,,,,,
1165,-0.404826658,-0.271664525,,,,,,,
1166,-0.279826658,0.003335475,,,,,,,
1167,-0.404826658,-0.246664525,,,,,,,
1168,-0.279826658,-0.046664525,,,,,,,
1169,-0.404826658,-0.171664525,,,,,,,
1170,-0.579826658,-0.371664525,,,,,,,
1171,-0.629826658,-0.246664525,,,,,,,
1172,-0.479826658,-0.171664525,,,,,,,
1173,-0.104826658,-0.071664525,,,,,,,
1174,-0.279826658,-0.246664525,,,,,,,
1175,-0.254826658,-0.221664525,,,,,,,
1176,-0.429826658,0.078335475,,,,,,,
1177,-0.279826658,0.153335475,,,,,,,
1178,0.020173342,0.078335475,,,,,,,
1179,-0.079826658,-0.296664525,,,,,,,
1180,-0.454826658,-0.321664525,,,,,,,
1181,-0.004826658,-0.221664525,,,,,,,
1182,-0.554826658,-0.471664525,,,,,,,
1183,-0.304826658,-0.221664525,,,,,,,
1184,-0.529826658,-0.096664525,,,,,,,
1185,0.095173342,0.403335475,,,,,,,
1186,-0.629826658,-0.221664525,,,,,,,
1187,-0.079826658,-0.046664525,,,,,,,
1188,-0.279826658,0.028335475,,,,,,,
1189,-0.304826658,0.053335475,,,,,,,
1190,-0.554826658,-0.271664525,,,,,,,
1191,-0.454826658,-0.046664525,,,,,,,
1192,-0.379826658,-0.221664525,,,,,,,
1193,-0.129826658,-0.046664525,,,,,,,
1194,-0.479826658,-0.296664525,,,,,,,
1195,-0.104826658,-0.096664525,,,,,,,
1196,-0.429826658,-0.196664525,,,,,,,
1197,-0.404826658,-0.171664525,,,,,,,
1198,-0.654826658,-0.271664525,,,,,,,
1199,-0.229826658,-0.021664525,,,,,,,
1200,-0.204826658,-0.346664525,,,,,,,
1201,0.270173343,0.353335475,,,,,,,
1202,-0.429826658,-0.121664525,,,,,,,
1203,-0.254826658,-0.146664525,,,,,,,
1204,0.270173343,0.503335475,,,,,,,
1205,0.320173343,0.353335475,,,,,,,
1206,0.345173343,0.128335475,,,,,,,
1207,-0.254826658,0.028335475,,,,,,,
1208,0.045173342,0.403335475,,,,,,,
1209,-0.429826658,-0.046664525,,,,,,,
1210,-0.504826658,-0.196664525,,,,,,,
1211,0.070173343,0.228335475,,,,,,,
1212,-0.429826658,-0.271664525,,,,,,,
1213,-0.404826658,-0.371664525,,,,,,,
1214,0.220173343,0.403335475,,,,,,,
1215,0.295173343,0.403335475,,,,,,,
1216,0.220173343,0.228335475,,,,,,,
1217,-0.454826658,-0.171664525,,,,,,,
1218,-0.079826658,-0.171664525,,,,,,,
1219,-0.554826658,-0.071664525,,,,,,,
1220,-0.554826658,-0.246664525,,,,,,,
1221,0.220173343,0.203335475,,,,,,,
1222,-0.304826658,-0.121664525,,,,,,,
1223,0.295173343,0.003335475,,,,,,,
1224,0.595173343,0.403335475,,,,,,,
1225,0.045173342,-0.296664525,,,,,,,
1226,-0.154826658,-0.171664525,,,,,,,
1227,0.320173343,0.028335475,,,,,,,
1228,-0.279826658,0.203335475,,,,,,,
1229,-0.029826658,0.153335475,,,,,,,
1230,-0.179826658,0.178335475,,,,,,,
1231,0.520173343,0.228335475,,,,,,,
1232,0.470173343,0.578335475,,,,,,,
1233,0.095173342,0.228335475,,,,,,,
1234,-0.354826658,0.003335475,,,,,,,
1235,0.345173343,0.078335475,,,,,,,
1236,0.120173343,-0.021664525,,,,,,,
1237,-0.279826658,-0.121664525,,,,,,,
1238,0.170173343,0.228335475,,,,,,,
1239,0.570173343,0.428335475,,,,,,,
1240,-0.454826658,-0.471664525,,,,,,,
1241,-0.179826658,-0.121664525,,,,,,,
1242,-0.029826658,0.028335475,,,,,,,
1243,0.320173343,0.303335475,,,,,,,
1244,-0.179826658,0.003335475,,,,,,,
1245,0.220173343,0.453335475,,,,,,,
1246,-0.329826658,-0.021664525,,,,,,,
1247,0.470173343,-0.046664525,,,,,,,
1248,-0.354826658,-0.221664525,,,,,,,
1249,0.295173343,0.128335475,,,,,,,
1250,0.745173343,0.603335475,,,,,,,
1251,0.470173343,0.578335475,,,,,,,
1252,0.170173343,0.153335475,,,,,,,
1253,-0.354826658,-0.121664525,,,,,,,
1254,0.445173343,0.028335475,,,,,,,
1255,-0.604826658,-0.296664525,,,,,,,
1256,0.270173343,0.278335475,,,,,,,
1257,-0.154826658,0.103335475,,,,,,,
1258,0.295173343,0.278335475,,,,,,,
1259,-0.404826658,-0.246664525,,,,,,,
1260,0.520173343,0.653335475,,,,,,,
1261,-0.329826658,-0.196664525,,,,,,,
1262,0.095173342,-0.021664525,,,,,,,
1263,0.170173343,0.303335475,,,,,,,
1264,-0.204826658,0.003335475,,,,,,,
1265,0.270173343,0.303335475,,,,,,,
1266,0.170173343,0.253335475,,,,,,,
1267,-0.179826658,-0.021664525,,,,,,,
1268,-0.179826658,0.178335475,,,,,,,
1269,-0.004826658,-0.271664525,,,,,,,
1270,0.220173343,0.003335475,,,,,,,
1271,0.070173343,0.003335475,,,,,,,
1272,-0.304826658,-0.146664525,,,,,,,
1273,0.295173343,0.053335475,,,,,,,
1274,0.245173343,0.353335475,,,,,,,
1275,-0.404826658,-0.271664525,,,,,,,
1276,0.270173343,0.053335475,,,,,,,
1277,-0.554826658,-0.421664525,,,,,,,
1278,-0.079826658,0.128335475,,,,,,,
1279,-0.054826658,0.253335475,,,,,,,
1280,0.245173343,0.328335475,,,,,,,
1281,0.020173342,0.203335475,,,,,,,
1282,0.495173343,0.553335475,,,,,,,
1283,0.195173343,-0.321664525,,,,,,,
1284,0.545173343,0.428335475,,,,,,,
1285,0.120173343,0.128335475,,,,,,,
1286,-0.354826658,-0.196664525,,,,,,,
1287,-0.029826658,-0.021664525,,,,,,,
1288,-0.254826658,0.153335475,,,,,,,
1289,-0.004826658,0.103335475,,,,,,,
1290,0.545173343,0.503335475,,,,,,,
1291,-0.479826658,-0.246664525,,,,,,,
1292,0.195173343,0.253335475,,,,,,,
1293,0.170173343,0.278335475,,,,,,,
1294,0.270173343,0.328335475,,,,,,,
1295,0.495173343,0.578335475,,,,,,,
1296,0.370173343,0.103335475,,,,,,,
1297,-0.179826658,0.053335475,,,,,,,
1298,0.295173343,0.578335475,,,,,,,
1299,0.070173343,-0.021664525,,,,,,,
1300,0.020173342,0.353335475,,,,,,,
1301,-0.404826658,-0.046664525,,,,,,,
1302,-0.154826658,-0.046664525,,,,,,,
1303,0.520173343,0.378335475,,,,,,,
1304,0.470173343,0.153335475,,,,,,,
1305,0.445173343,0.028335475,,,,,,,
1306,0.220173343,0.178335475,,,,,,,
1307,0.245173343,0.128335475,,,,,,,
1308,0.220173343,0.303335475,,,,,,,
1309,0.745173343,0.478335475,,,,,,,
1310,-0.004826658,0.128335475,,,,,,,
1311,-0.229826658,-0.121664525,,,,,,,
1312,-0.104826658,0.178335475,,,,,,,
1313,-0.354826658,-0.096664525,,,,,,,
1314,-0.079826658,-0.121664525,,,,,,,
1315,0.495173343,0.603335475,,,,,,,
1316,-0.104826658,0.153335475,,,,,,,
1317,0.445173343,0.178335475,,,,,,,
1318,-0.029826658,0.053335475,,,,,,,
1319,0.295173343,0.478335475,,,,,,,
1320,0.520173343,-0.196664525,,,,,,,
1321,0.320173343,-0.021664525,,,,,,,
1322,0.270173343,0.478335475,,,,,,,
1323,0.145173343,0.228335475,,,,,,,
1324,0.570173343,0.378335475,,,,,,,
1325,0.345173343,0.328335475,,,,,,,
1326,0.145173343,0.378335475,,,,,,,
1327,-0.404826658,0.228335475,,,,,,,
1328,-0.429826658,-0.046664525,,,,,,,
1329,-0.054826658,0.178335475,,,,,,,
1330,0.695173343,0.278335475,,,,,,,
1331,-0.004826658,0.178335475,,,,,,,
1332,-0.529826658,-0.521664525,,,,,,,
1333,0.320173343,-0.021664525,,,,,,,
1334,0.845173343,-0.196664525,,,,,,,
1335,0.295173343,0.203335475,,,,,,,
1336,-0.429826658,-0.246664525,,,,,,,
1337,0.520173343,0.103335475,,,,,,,
1338,0.495173343,0.403335475,,,,,,,
1339,0.595173343,0.653335475,,,,,,,
1340,0.320173343,0.453335475,,,,,,,
1341,-0.304826658,-0.271664525,,,,,,,
1342,0.495173343,0.478335475,,,,,,,
1343,0.245173343,0.353335475,,,,,,,
1344,0.270173343,0.428335475,,,,,,,
1345,-0.379826658,-0.021664525,,,,,,,
1346,0.295173343,0.478335475,,,,,,,
1347,-0.104826658,0.003335475,,,,,,,
1348,0.470173343,0.303335475,,,,,,,
1349,0.195173343,0.153335475,,,,,,,
1350,-0.454826658,-0.146664525,,,,,,,
1351,0.370173343,0.428335475,,,,,,,
1352,0.495173343,0.528335475,,,,,,,
1353,0.495173343,0.178335475,,,,,,,
1354,-0.604826658,0.003335475,,,,,,,
1355,-0.154826658,0.428335475,,,,,,,
1356,0.195173343,0.153335475,,,,,,,
1357,0.395173343,-0.021664525,,,,,,,
1358,0.395173343,0.353335475,,,,,,,
1359,-0.254826658,-0.246664525,,,,,,,
1360,-0.379826658,0.228335475,,,,,,,
1361,-0.479826658,-0.046664525,,,,,,,
1362,0.245173343,-0.046664525,,,,,,,
1363,-0.204826658,0.128335475,,,,,,,
1364,0.445173343,-0.071664525,,,,,,,
1365,0.495173343,0.478335475,,,,,,,
1366,0.470173343,0.203335475,,,,,,,
1367,0.695173343,0.628335475,,,,,,,
1368,-0.279826658,-0.296664525,,,,,,,
1369,0.545173343,0.553335475,,,,,,,
1370,-0.079826658,-0.071664525,,,,,,,
1371,0.245173343,0.278335475,,,,,,,
1372,0.195173343,0.053335475,,,,,,,
1373,0.320173343,0.503335475,,,,,,,
1374,-0.079826658,0.353335475,,,,,,,
1375,0.295173343,0.253335475,,,,,,,
1376,0.545173343,0.603335475,,,,,,,
1377,-0.329826658,-0.221664525,,,,,,,
1378,0.320173343,0.228335475,,,,,,,
1379,0.320173343,0.303335475,,,,,,,
1380,0.020173342,-0.121664525,,,,,,,
1381,0.670173343,0.378335475,,,,,,,
1382,0.070173343,0.053335475,,,,,,,
1383,-0.354826658,0.253335475,,,,,,,
1384,0.245173343,0.303335475,,,,,,,
1385,0.395173343,0.353335475,,,,,,,
1386,0.145173343,0.328335475,,,,,,,
1387,0.020173342,0.378335475,,,,,,,
1388,0.845173343,0.553335475,,,,,,,
1389,-0.279826658,-0.096664525,,,,,,,
1390,0.470173343,0.378335475,,,,,,,
1391,0.320173343,-0.071664525,,,,,,,
1392,0.570173343,0.403335475,,,,,,,
1393,-0.079826658,0.403335475,,,,,,,
1394,-0.079826658,0.353335475,,,,,,,
1395,-0.229826658,0.028335475,,,,,,,
1396,0.395173343,0.378335475,,,,,,,
1397,-0.279826658,-0.071664525,,,,,,,
1398,0.795173343,0.578335475,,,,,,,
1399,0.495173343,0.378335475,,,,,,,
1400,0.345173343,0.253335475,,,,,,,
1401,0.220173343,0.303335475,,,,,,,
1402,-0.479826658,0.253335475,,,,,,,
1403,0.170173343,0.253335475,,,,,,,
1404,-0.429826658,-0.196664525,,,,,,,
1405,-0.554826658,-0.221664525,,,,,,,
1406,-0.179826658,-0.171664525,,,,,,,
1407,-0.154826658,-0.246664525,,,,,,,
1408,0.145173343,-0.096664525,,,,,,,
1409,-0.179826658,0.078335475,,,,,,,
1410,-0.004826658,0.353335475,,,,,,,
1411,-0.429826658,-0.171664525,,,,,,,
1412,-0.304826658,0.003335475,,,,,,,
1413,-0.079826658,-0.071664525,,,,,,,
1414,-0.104826658,-0.221664525,,,,,,,
1415,0.070173343,0.278335475,,,,,,,
1416,-0.429826658,-0.046664525,,,,,,,
1417,-0.504826658,0.003335475,,,,,,,
1418,-0.154826658,-0.071664525,,,,,,,
1419,-0.479826658,-0.221664525,,,,,,,
1420,-0.329826658,0.053335475,,,,,,,
1421,-0.304826658,-0.096664525,,,,,,,
1422,-0.404826658,-0.121664525,,,,,,,
1423,0.270173343,-0.096664525,,,,,,,
1424,-0.229826658,-0.021664525,,,,,,,
1425,0.195173343,0.128335475,,,,,,,
1426,0.495173343,0.503335475,,,,,,,
1427,0.120173343,0.103335475,,,,,,,
1428,-0.229826658,0.028335475,,,,,,,
1429,-0.529826658,-0.396664525,,,,,,,
1430,-0.304826658,0.003335475,,,,,,,
1431,-0.079826658,-0.121664525,,,,,,,
1432,-0.454826658,-0.221664525,,,,,,,
1433,-0.204826658,-0.146664525,,,,,,,
1434,-0.404826658,-0.221664525,,,,,,,
1435,0.220173343,-0.246664525,,,,,,,
1436,-0.154826658,0.028335475,,,,,,,
1437,0.020173342,0.128335475,,,,,,,
1438,-0.379826658,-0.246664525,,,,,,,
1439,-0.379826658,-0.121664525,,,,,,,
1440,0.120173343,0.128335475,,,,,,,
1441,-0.104826658,0.103335475,,,,,,,
1442,-0.404826658,0.178335475,,,,,,,
1443,-0.379826658,0.303335475,,,,,,,
1444,-0.329826658,0.003335475,,,,,,,
1445,-0.204826658,0.128335475,,,,,,,
1446,-0.304826658,0.303335475,,,,,,,
1447,-0.079826658,-0.046664525,,,,,,,
1448,-0.004826658,-0.046664525,,,,,,,
1449,-0.079826658,0.003335475,,,,,,,
1450,0.145173343,0.278335475,,,,,,,
1451,0.095173342,0.128335475,,,,,,,
1452,-0.129826658,-0.096664525,,,,,,,
1453,-0.154826658,-0.146664525,,,,,,,
1454,-0.204826658,0.153335475,,,,,,,
1455,-0.054826658,-0.121664525,,,,,,,
1456,-0.554826658,-0.071664525,,,,,,,
1457,0.095173342,0.203335475,,,,,,,
1458,0.070173343,-0.096664525,,,,,,,
1459,0.170173343,0.203335475,,,,,,,
1460,-0.129826658,0.053335475,,,,,,,
1461,-0.054826658,0.178335475,,,,,,,
1462,-0.129826658,0.053335475,,,,,,,
1463,-0.354826658,-0.321664525,,,,,,,
1464,-0.004826658,0.053335475,,,,,,,
1465,-0.179826658,0.153335475,,,,,,,
1466,0.020173342,0.378335475,,,,,,,
1467,-0.054826658,-0.146664525,,,,,,,
1468,-0.604826658,-0.221664525,,,,,,,
1469,-0.304826658,-0.371664525,,,,,,,
1470,-0.304826658,0.128335475,,,,,,,
1471,0.595173343,0.678335475,,,,,,,
1472,0.195173343,0.103335475,,,,,,,
1473,0.395173343,0.378335475,,,,,,,
1474,0.495173343,0.503335475,,,,,,,
1475,-0.304826658,-0.071664525,,,,,,,
1476,0.170173343,-0.021664525,,,,,,,
1477,0.020173342,0.128335475,,,,,,,
1478,-0.229826658,0.128335475,,,,,,,
1479,0.170173343,0.103335475,,,,,,,
1480,0.220173343,0.053335475,,,,,,,
1481,-0.179826658,-0.171664525,,,,,,,
1482,-0.254826658,-0.071664525,,,,,,,
1483,-0.154826658,-0.171664525,,,,,,,
1484,-0.154826658,-0.046664525,,,,,,,
1485,-0.154826658,0.028335475,,,,,,,
1486,-0.379826658,-0.221664525,,,,,,,
1487,-0.504826658,-0.071664525,,,,,,,
1488,-0.129826658,0.078335475,,,,,,,
1489,0.045173342,0.078335475,,,,,,,
1490,-0.329826658,-0.196664525,,,,,,,
1491,0.195173343,0.053335475,,,,,,,
1492,-0.404826658,-0.321664525,,,,,,,
1493,0.420173343,-0.146664525,,,,,,,
1494,-0.154826658,0.078335475,,,,,,,
1495,-0.129826658,-0.046664525,,,,,,,
1496,0.345173343,0.378335475,,,,,,,
1497,-0.204826658,-0.046664525,,,,,,,
1498,-0.154826658,0.053335475,,,,,,,
1499,0.020173342,0.053335475,,,,,,,
1500,-0.304826658,-0.196664525,,,,,,,
1501,0.120173343,0.103335475,,,,,,,
1502,0.645173343,0.653335475,,,,,,,
1503,-0.079826658,0.328335475,,,,,,,
1504,0.370173343,0.353335475,,,,,,,
1505,0.120173343,-0.096664525,,,,,,,
1506,0.095173342,0.103335475,,,,,,,
1507,0.320173343,0.228335475,,,,,,,
1508,0.220173343,0.328335475,,,,,,,
1509,0.245173343,0.328335475,,,,,,,
1510,0.295173343,-0.121664525,,,,,,,
1511,0.295173343,0.228335475,,,,,,,
1512,0.195173343,-0.196664525,,,,,,,
1513,0.470173343,0.378335475,,,,,,,
1514,0.245173343,0.003335475,,,,,,,
1515,0.095173342,-0.046664525,,,,,,,
1516,0.120173343,0.253335475,,,,,,,
1517,0.145173343,0.353335475,,,,,,,
1518,0.470173343,0.378335475,,,,,,,
1519,0.295173343,0.103335475,,,,,,,
1520,0.220173343,0.178335475,,,,,,,
1521,0.120173343,0.053335475,,,,,,,
1522,0.320173343,0.153335475,,,,,,,
1523,0.095173342,0.578335475,,,,,,,
1524,-0.004826658,0.253335475,,,,,,,
1525,0.020173342,-0.021664525,,,,,,,
1526,0.370173343,0.328335475,,,,,,,
1527,0.070173343,-0.021664525,,,,,,,
1528,0.045173342,0.228335475,,,,,,,
1529,0.320173343,0.203335475,,,,,,,
1530,-0.054826658,0.403335475,,,,,,,
1531,0.095173342,0.128335475,,,,,,,
1532,0.295173343,0.303335475,,,,,,,
1533,0.220173343,0.153335475,,,,,,,
1534,0.320173343,0.278335475,,,,,,,
1535,0.220173343,0.203335475,,,,,,,
1536,-0.254826658,0.053335475,,,,,,,
1537,-0.254826658,0.328335475,,,,,,,
1538,0.070173343,0.428335475,,,,,,,
1539,0.070173343,-0.046664525,,,,,,,
1540,0.170173343,0.278335475,,,,,,,
1541,0.045173342,0.153335475,,,,,,,
1542,0.270173343,0.228335475,,,,,,,
1543,0.245173343,0.378335475,,,,,,,
1544,0.245173343,0.453335475,,,,,,,
1545,0.095173342,0.053335475,,,,,,,
1546,-0.004826658,0.178335475,,,,,,,
1547,0.345173343,-0.146664525,,,,,,,
1548,-0.179826658,0.003335475,,,,,,,
1549,0.195173343,0.078335475,,,,,,,
1550,-0.179826658,0.053335475,,,,,,,
1551,0.245173343,0.253335475,,,,,,,
1552,0.295173343,0.253335475,,,,,,,
1553,0.370173343,0.253335475,,,,,,,
1554,0.020173342,0.303335475,,,,,,,
1555,-0.379826658,-0.046664525,,,,,,,
1556,0.420173343,0.028335475,,,,,,,
1557,0.470173343,0.228335475,,,,,,,
1558,0.370173343,-0.296664525,,,,,,,
1559,0.195173343,0.303335475,,,,,,,
1560,0.195173343,0.153335475,,,,,,,
1561,0.395173343,0.103335475,,,,,,,
1562,0.470173343,0.053335475,,,,,,,
1563,0.320173343,0.128335475,,,,,,,
1564,0.495173343,0.378335475,,,,,,,
1565,0.120173343,0.003335475,,,,,,,
1566,0.220173343,0.403335475,,,,,,,
1567,0.145173343,-0.146664525,,,,,,,
1568,0.395173343,0.203335475,,,,,,,
1569,0.345173343,0.253335475,,,,,,,
1570,0.045173342,0.153335475,,,,,,,
1571,0.620173343,-0.046664525,,,,,,,
1572,0.145173343,0.228335475,,,,,,,
1573,-0.204826658,0.078335475,,,,,,,
1574,0.245173343,0.328335475,,,,,,,
1575,0.170173343,0.153335475,,,,,,,
1576,-0.129826658,0.203335475,,,,,,,
1577,0.070173343,0.153335475,,,,,,,
1578,0.095173342,0.328335475,,,,,,,
1579,0.120173343,0.303335475,,,,,,,
1580,0.195173343,0.378335475,,,,,,,
1581,0.420173343,0.478335475,,,,,,,
1582,0.245173343,0.328335475,,,,,,,
1583,0.195173343,0.253335475,,,,,,,
1584,0.045173342,0.078335475,,,,,,,
1585,-0.129826658,0.103335475,,,,,,,
1586,0.145173343,-0.071664525,,,,,,,
1587,0.270173343,0.103335475,,,,,,,
1588,0.345173343,0.078335475,,,,,,,
1589,0.420173343,0.303335475,,,,,,,
1590,0.445173343,-0.096664525,,,,,,,
1591,0.070173343,0.328335475,,,,,,,
1592,0.495173343,0.378335475,,,,,,,
1593,-0.229826658,0.028335475,,,,,,,
1594,0.245173343,0.253335475,,,,,,,
1595,0.370173343,0.253335475,,,,,,,
1596,0.170173343,0.228335475,,,,,,,
1597,0.145173343,0.228335475,,,,,,,
1598,0.270173343,-0.071664525,,,,,,,
1599,-0.079826658,-0.246664525,,,,,,,
1600,0.295173343,0.253335475,,,,,,,
1601,0.220173343,0.103335475,,,,,,,
1602,-0.179826658,0.103335475,,,,,,,
1603,-0.129826658,0.203335475,,,,,,,
1604,-0.204826658,-0.021664525,,,,,,,
1605,-0.104826658,0.253335475,,,,,,,
1606,0.120173343,0.253335475,,,,,,,
1607,-0.354826658,-0.021664525,,,,,,,
1608,0.645173343,-0.021664525,,,,,,,
1609,0.520173343,0.453335475,,,,,,,
1610,-0.079826658,0.453335475,,,,,,,
1611,0.445173343,0.278335475,,,,,,,
1612,-0.329826658,-0.196664525,,,,,,,
1613,0.545173343,0.403335475,,,,,,,
1614,0.045173342,0.503335475,,,,,,,
1615,0.045173342,0.278335475,,,,,,,
1616,0.270173343,0.053335475,,,,,,,
1617,0.370173343,0.378335475,,,,,,,
1618,-0.129826658,0.378335475,,,,,,,
1619,0.220173343,0.153335475,,,,,,,
1620,0.320173343,0.428335475,,,,,,,
1621,0.395173343,0.378335475,,,,,,,
1622,0.370173343,0.353335475,,,,,,,
1623,0.220173343,0.253335475,,,,,,,
1624,0.495173343,0.278335475,,,,,,,
1625,-0.004826658,0.078335475,,,,,,,
1626,0.395173343,0.378335475,,,,,,,
1627,-0.129826658,-0.046664525,,,,,,,
1628,0.095173342,0.028335475,,,,,,,
1629,0.470173343,0.453335475,,,,,,,
1630,0.245173343,0.353335475,,,,,,,
1631,0.095173342,0.278335475,,,,,,,
1632,-0.254826658,0.153335475,,,,,,,
1633,0.470173343,0.478335475,,,,,,,
1634,0.420173343,0.228335475,,,,,,,
1635,0.420173343,0.553335475,,,,,,,
1636,0.195173343,0.003335475,,,,,,,
1637,-0.204826658,0.228335475,,,,,,,
1638,-0.129826658,0.328335475,,,,,,,
1639,0.220173343,0.178335475,,,,,,,
1640,0.420173343,0.503335475,,,,,,,
1641,0.220173343,0.003335475,,,,,,,
1642,0.120173343,0.128335475,,,,,,,
1643,-0.029826658,-0.046664525,,,,,,,
1644,0.370173343,0.103335475,,,,,,,
1645,0.320173343,0.303335475,,,,,,,
1646,-0.179826658,-0.021664525,,,,,,,
1647,0.345173343,0.628335475,,,,,,,
1648,-0.479826658,-0.171664525,,,,,,,
1649,0.395173343,0.378335475,,,,,,,
1650,0.070173343,0.328335475,,,,,,,
1651,0.395173343,0.053335475,,,,,,,
1652,0.470173343,0.653335475,,,,,,,
1653,-0.329826658,-0.071664525,,,,,,,
1654,-0.329826658,0.053335475,,,,,,,
1655,0.420173343,0.378335475,,,,,,,
1656,-0.104826658,0.028335475,,,,,,,
1657,0.320173343,0.253335475,,,,,,,
1658,0.370173343,0.403335475,,,,,,,
1659,0.045173342,0.003335475,,,,,,,
1660,0.270173343,0.153335475,,,,,,,
1661,0.470173343,0.278335475,,,,,,,
1662,0.395173343,0.378335475,,,,,,,
1663,0.120173343,0.003335475,,,,,,,
1664,-0.104826658,-0.096664525,,,,,,,
1665,0.320173343,0.253335475,,,,,,,
1666,-0.279826658,-0.196664525,,,,,,,
1667,0.770173343,0.353335475,,,,,,,
1668,0.270173343,0.228335475,,,,,,,
1669,0.120173343,0.228335475,,,,,,,
1670,0.245173343,0.328335475,,,,,,,
1671,-0.279826658,-0.096664525,,,,,,,
1672,-0.454826658,-0.046664525,,,,,,,
1673,0.370173343,0.378335475,,,,,,,
1674,0.220173343,0.103335475,,,,,,,
1675,0.320173343,0.228335475,,,,,,,
1676,0.120173343,0.253335475,,,,,,,
1677,0.495173343,0.553335475,,,,,,,
1678,-0.054826658,0.128335475,,,,,,,
1679,0.295173343,0.203335475,,,,,,,
1680,0.420173343,0.553335475,,,,,,,
1681,-0.229826658,0.103335475,,,,,,,
1682,0.345173343,0.378335475,,,,,,,
1683,0.095173342,0.353335475,,,,,,,
1684,0.145173343,0.128335475,,,,,,,
1685,0.020173342,0.203335475,,,,,,,
1686,-0.279826658,-0.221664525,,,,,,,
1687,0.070173343,0.128335475,,,,,,,
1688,0.070173343,0.153335475,,,,,,,
1689,0.495173343,0.628335475,,,,,,,
1690,0.045173342,0.203335475,,,,,,,
1691,-0.204826658,-0.221664525,,,,,,,
1692,-0.279826658,-0.196664525,,,,,,,
1693,-0.154826658,-0.046664525,,,,,,,
1694,0.420173343,-0.021664525,,,,,,,
1695,0.295173343,0.278335475,,,,,,,
1696,-0.279826658,-0.196664525,,,,,,,
1697,-0.404826658,-0.321664525,,,,,,,
1698,0.020173342,-0.021664525,,,,,,,
1699,0.145173343,0.128335475,,,,,,,
1700,0.145173343,0.253335475,,,,,,,
1701,-0.329826658,-0.146664525,,,,,,,
1702,-0.129826658,-0.121664525,,,,,,,
1703,0.570173343,0.178335475,,,,,,,
1704,0.495173343,0.178335475,,,,,,,
1705,-0.004826658,-0.146664525,,,,,,,
1706,-0.104826658,0.078335475,,,,,,,
1707,-0.104826658,-0.271664525,,,,,,,
1708,-0.204826658,-0.096664525,,,,,,,
1709,-0.154826658,-0.146664525,,,,,,,
1710,-0.379826658,-0.246664525,,,,,,,
1711,-0.304826658,0.103335475,,,,,,,
1712,-0.379826658,-0.046664525,,,,,,,
1713,0.320173343,0.403335475,,,,,,,
1714,-0.104826658,0.378335475,,,,,,,
1715,0.295173343,0.328335475,,,,,,,
1716,0.245173343,0.303335475,,,,,,,
1717,0.095173342,0.353335475,,,,,,,
1718,-0.229826658,0.028335475,,,,,,,
1719,-0.279826658,0.103335475,,,,,,,
1720,0.395173343,0.728335475,,,,,,,
1721,-0.379826658,-0.096664525,,,,,,,
1722,-0.329826658,0.103335475,,,,,,,
1723,-0.254826658,-0.071664525,,,,,,,
1724,-0.279826658,-0.221664525,,,,,,,
1725,-0.004826658,0.153335475,,,,,,,
1726,-0.304826658,0.003335475,,,,,,,
1727,0.070173343,0.078335475,,,,,,,
1728,0.070173343,-0.371664525,,,,,,,
1729,0.245173343,0.128335475,,,,,,,
1730,-0.129826658,0.178335475,,,,,,,
1731,-0.204826658,-0.096664525,,,,,,,
1732,-0.354826658,-0.096664525,,,,,,,
1733,-0.279826658,-0.196664525,,,,,,,
1734,0.195173343,0.128335475,,,,,,,
1735,-0.354826658,0.028335475,,,,,,,
1736,-0.329826658,0.028335475,,,,,,,
1737,-0.204826658,-0.246664525,,,,,,,
1738,0.095173342,-0.446664525,,,,,,,
1739,-0.404826658,-0.221664525,,,,,,,
1740,-0.029826658,0.178335475,,,,,,,
1741,-0.229826658,-0.321664525,,,,,,,
1742,0.170173343,0.553335475,,,,,,,
1743,0.520173343,0.553335475,,,,,,,
1744,-0.029826658,0.078335475,,,,,,,
1745,0.370173343,0.628335475,,,,,,,
1746,0.095173342,0.278335475,,,,,,,
1747,-0.379826658,-0.071664525,,,,,,,
1748,-0.079826658,0.203335475,,,,,,,
1749,0.045173342,0.528335475,,,,,,,
1750,0.220173343,0.028335475,,,,,,,
1751,-0.029826658,-0.121664525,,,,,,,
1752,0.420173343,0.228335475,,,,,,,
1753,-0.254826658,-0.346664525,,,,,,,
1754,-0.504826658,-0.096664525,,,,,,,
1755,0.320173343,0.453335475,,,,,,,
1756,-0.129826658,-0.046664525,,,,,,,
1757,-0.329826658,0.103335475,,,,,,,
1758,-0.354826658,0.203335475,,,,,,,
1759,0.070173343,0.203335475,,,,,,,
1760,-0.079826658,-0.071664525,,,,,,,
1761,0.670173343,0.828335475,,,,,,,
1762,0.245173343,0.378335475,,,,,,,
1763,-0.229826658,-0.046664525,,,,,,,
1764,-0.104826658,0.078335475,,,,,,,
1765,0.045173342,0.303335475,,,,,,,
1766,-0.354826658,-0.221664525,,,,,,,
1767,-0.504826658,-0.196664525,,,,,,,
1768,-0.329826658,-0.121664525,,,,,,,
1769,0.220173343,0.328335475,,,,,,,
1770,-0.379826658,-0.021664525,,,,,,,
1771,0.220173343,0.078335475,,,,,,,
1772,-0.029826658,0.253335475,,,,,,,
1773,-0.079826658,0.203335475,,,,,,,
1774,0.095173342,0.078335475,,,,,,,
1775,-0.354826658,0.003335475,,,,,,,
1776,-0.154826658,0.053335475,,,,,,,
1777,-0.004826658,0.178335475,,,,,,,
1778,-0.304826658,-0.046664525,,,,,,,
1779,-0.379826658,0.278335475,,,,,,,
1780,-0.229826658,0.053335475,,,,,,,
1781,-0.429826658,-0.096664525,,,,,,,
1782,0.195173343,0.028335475,,,,,,,
1783,-0.279826658,-0.096664525,,,,,,,
1784,0.170173343,0.228335475,,,,,,,
1785,0.195173343,0.253335475,,,,,,,
1786,-0.329826658,-0.096664525,,,,,,,
1787,-0.254826658,-0.171664525,,,,,,,
1788,0.395173343,-0.246664525,,,,,,,
1789,0.170173343,0.328335475,,,,,,,
1790,-0.279826658,-0.196664525,,,,,,,
1791,-0.279826658,0.178335475,,,,,,,
1792,0.170173343,0.378335475,,,,,,,
1793,-0.054826658,0.128335475,,,,,,,
1794,-0.179826658,-0.096664525,,,,,,,
1795,-0.354826658,-0.171664525,,,,,,,
1796,0.395173343,0.303335475,,,,,,,
1797,-0.079826658,-0.246664525,,,,,,,
1798,-0.104826658,0.278335475,,,,,,,
1799,0.020173342,0.303335475,,,,,,,
1800,-0.454826658,-0.296664525,,,,,,,
1801,-0.404826658,-0.296664525,,,,,,,
1802,0.545173343,0.278335475,,,,,,,
1803,-0.204826658,-0.121664525,,,,,,,
1804,0.370173343,0.278335475,,,,,,,
1805,0.120173343,0.278335475,,,,,,,
1806,0.445173343,0.478335475,,,,,,,
1807,0.220173343,0.278335475,,,,,,,
1808,0.220173343,0.203335475,,,,,,,
1809,-0.079826658,-0.146664525,,,,,,,
1810,-0.104826658,-0.121664525,,,,,,,
1811,0.070173343,0.003335475,,,,,,,
1812,0.145173343,0.103335475,,,,,,,
1813,0.320173343,0.378335475,,,,,,,
1814,0.345173343,0.353335475,,,,,,,
1815,0.345173343,0.453335475,,,,,,,
1816,0.020173342,0.103335475,,,,,,,
1817,0.395173343,0.503335475,,,,,,,
1818,-0.304826658,-0.071664525,,,,,,,
1819,-0.079826658,-0.121664525,,,,,,,
1820,-0.004826658,-0.021664525,,,,,,,
1821,0.545173343,0.403335475,,,,,,,
1822,-0.229826658,0.028335475,,,,,,,
1823,0.295173343,-0.471664525,,,,,,,
1824,0.320173343,0.403335475,,,,,,,
1825,0.020173342,0.053335475,,,,,,,
1826,-0.179826658,0.128335475,,,,,,,
1827,0.570173343,0.253335475,,,,,,,
1828,0.545173343,0.303335475,,,,,,,
1829,-0.204826658,0.053335475,,,,,,,
1830,0.220173343,0.278335475,,,,,,,
1831,0.295173343,0.403335475,,,,,,,
1832,0.195173343,0.278335475,,,,,,,
1833,-0.304826658,-0.021664525,,,,,,,
1834,0.320173343,0.428335475,,,,,,,
1835,-0.304826658,0.178335475,,,,,,,
1836,0.045173342,0.253335475,,,,,,,
1837,-0.379826658,-0.096664525,,,,,,,
1838,0.145173343,0.003335475,,,,,,,
1839,0.320173343,0.353335475,,,,,,,
1840,0.245173343,0.053335475,,,,,,,
1841,-0.329826658,0.003335475,,,,,,,
1842,0.470173343,0.303335475,,,,,,,
1843,0.070173343,0.078335475,,,,,,,
1844,0.270173343,0.378335475,,,,,,,
1845,0.370173343,0.328335475,,,,,,,
1846,0.345173343,0.303335475,,,,,,,
1847,-0.454826658,-0.346664525,,,,,,,
1848,0.145173343,0.228335475,,,,,,,
1849,0.345173343,0.353335475,,,,,,,
1850,-0.429826658,-0.221664525,,,,,,,
1851,-0.279826658,0.003335475,,,,,,,
1852,0.070173343,-0.121664525,,,,,,,
1853,0.320173343,0.478335475,,,,,,,
1854,0.020173342,0.153335475,,,,,,,
1855,0.395173343,0.203335475,,,,,,,
1856,0.570173343,0.378335475,,,,,,,
1857,0.145173343,0.178335475,,,,,,,
1858,0.295173343,0.153335475,,,,,,,
1859,0.145173343,0.153335475,,,,,,,
1860,-0.229826658,-0.221664525,,,,,,,
1861,0.145173343,0.128335475,,,,,,,
1862,0.120173343,0.128335475,,,,,,,
1863,0.320173343,0.453335475,,,,,,,
1864,0.745173343,0.378335475,,,,,,,
1865,0.370173343,0.553335475,,,,,,,
1866,0.020173342,0.053335475,,,,,,,
1867,-0.104826658,-0.096664525,,,,,,,
1868,0.145173343,0.303335475,,,,,,,
1869,-0.179826658,-0.121664525,,,,,,,
1870,0.295173343,0.203335475,,,,,,,
1871,0.545173343,0.453335475,,,,,,,
1872,-0.054826658,-0.021664525,,,,,,,
1873,-0.254826658,0.028335475,,,,,,,
1874,0.470173343,0.103335475,,,,,,,
1875,0.445173343,0.428335475,,,,,,,
1876,0.145173343,0.428335475,,,,,,,
1877,0.270173343,0.403335475,,,,,,,
1878,0.470173343,0.528335475,,,,,,,
1879,0.495173343,0.203335475,,,,,,,
1880,-0.304826658,0.203335475,,,,,,,
1881,0.195173343,0.103335475,,,,,,,
1882,0.445173343,0.228335475,,,,,,,
1883,0.020173342,0.253335475,,,,,,,
1884,0.295173343,0.478335475,,,,,,,
1885,-0.129826658,-0.171664525,,,,,,,
1886,-0.354826658,-0.121664525,,,,,,,
1887,0.345173343,0.353335475,,,,,,,
1888,-0.304826658,-0.296664525,,,,,,,
1889,0.270173343,0.253335475,,,,,,,
1890,0.345173343,0.353335475,,,,,,,
1891,-0.229826658,0.103335475,,,,,,,
1892,0.420173343,0.128335475,,,,,,,
1893,0.445173343,0.428335475,,,,,,,
1894,0.095173342,0.053335475,,,,,,,
1895,0.370173343,0.478335475,,,,,,,
1896,-0.579826658,0.078335475,,,,,,,
1897,-0.154826658,-0.096664525,,,,,,,
1898,-0.054826658,0.128335475,,,,,,,
1899,-0.079826658,0.103335475,,,,,,,
1900,0.570173343,0.478335475,,,,,,,
1901,0.495173343,0.153335475,,,,,,,
1902,0.720173343,-0.046664525,,,,,,,
1903,0.620173343,-0.346664525,,,,,,,
1904,-0.254826658,-0.121664525,,,,,,,
1905,0.520173343,-0.221664525,,,,,,,
1906,0.445173343,-0.046664525,,,,,,,
1907,0.520173343,0.078335475,,,,,,,
1908,0.170173343,0.153335475,,,,,,,
1909,0.145173343,0.078335475,,,,,,,
1910,-0.279826658,-0.196664525,,,,,,,
1911,0.245173343,-0.071664525,,,,,,,
1912,0.270173343,0.203335475,,,,,,,
1913,0.520173343,0.353335475,,,,,,,
1914,0.470173343,0.178335475,,,,,,,
1915,0.520173343,0.428335475,,,,,,,
1916,0.470173343,0.203335475,,,,,,,
1917,0.045173342,-0.121664525,,,,,,,
1918,0.045173342,-0.296664525,,,,,,,
1919,0.245173343,-0.021664525,,,,,,,
1920,0.495173343,0.278335475,,,,,,,
1921,0.520173343,-0.046664525,,,,,,,
1922,0.345173343,0.253335475,,,,,,,
1923,0.445173343,0.453335475,,,,,,,
1924,0.320173343,0.178335475,,,,,,,
1925,0.020173342,0.078335475,,,,,,,
1926,0.420173343,0.153335475,,,,,,,
1927,0.045173342,0.253335475,,,,,,,
1928,0.295173343,-0.221664525,,,,,,,
1929,0.570173343,0.128335475,,,,,,,
1930,-0.104826658,0.003335475,,,,,,,
1931,0.270173343,0.028335475,,,,,,,
1932,0.395173343,0.053335475,,,,,,,
1933,0.645173343,0.153335475,,,,,,,
1934,-0.154826658,0.303335475,,,,,,,
1935,-0.004826658,0.028335475,,,,,,,
1936,-0.354826658,-0.421664525,,,,,,,
1937,-0.129826658,-0.071664525,,,,,,,
1938,0.645173343,0.253335475,,,,,,,
1939,-0.304826658,-0.046664525,,,,,,,
1940,0.295173343,0.128335475,,,,,,,
1941,-0.004826658,0.153335475,,,,,,,
1942,0.595173343,0.453335475,,,,,,,
1943,-0.004826658,-0.096664525,,,,,,,
1944,0.170173343,0.378335475,,,,,,,
1945,0.420173343,0.353335475,,,,,,,
1946,0.395173343,-0.146664525,,,,,,,
1947,0.745173343,0.103335475,,,,,,,
1948,0.570173343,-0.146664525,,,,,,,
1949,0.170173343,-0.596664525,,,,,,,
1950,-0.254826658,-0.196664525,,,,,,,
1951,-0.104826658,0.003335475,,,,,,,
1952,-0.004826658,-0.121664525,,,,,,,
1953,-0.004826658,0.128335475,,,,,,,
1954,0.320173343,0.528335475,,,,,,,
1955,0.520173343,0.228335475,,,,,,,
1956,0.370173343,0.203335475,,,,,,,
1957,0.095173342,0.053335475,,,,,,,
1958,0.170173343,0.053335475,,,,,,,
1959,0.345173343,0.028335475,,,,,,,
1960,0.570173343,-0.021664525,,,,,,,
1961,0.220173343,0.328335475,,,,,,,
1962,0.145173343,-0.046664525,,,,,,,
1963,0.270173343,-0.171664525,,,,,,,
1964,0.570173343,-0.246664525,,,,,,,
1965,-0.229826658,-0.321664525,,,,,,,
1966,0.145173343,-0.246664525,,,,,,,
1967,0.620173343,0.028335475,,,,,,,
1968,0.440173343,0.003335475,,,,,,,
1969,0.320173343,-0.221664525,,,,,,,
1970,0.670173343,0.328335475,,,,,,,
1971,0.270173343,0.228335475,,,,,,,
1972,0.370173343,0.353335475,,,,,,,
1973,-0.029826658,-0.071664525,,,,,,,
1974,0.070173343,-0.296664525,,,,,,,
1975,0.295173343,0.028335475,,,,,,,
1976,0.245173343,0.078335475,,,,,,,
1977,0.195173343,0.028335475,,,,,,,
1978,0.520173343,0.478335475,,,,,,,
1979,0.695173343,0.228335475,,,,,,,
1980,0.245173343,0.228335475,,,,,,,
1981,0.345173343,0.128335475,,,,,,,
1982,0.020173342,-0.021664525,,,,,,,
1983,-0.254826658,-0.421664525,,,,,,,
1984,-0.379826658,-0.221664525,,,,,,,
1985,0.295173343,0.053335475,,,,,,,
1986,0.170173343,-0.146664525,,,,,,,
1987,0.470173343,0.478335475,,,,,,,
1988,0.345173343,0.228335475,,,,,,,
1989,0.320173343,0.103335475,,,,,,,
1990,-0.079826658,-0.096664525,,,,,,,
1991,0.395173343,0.103335475,,,,,,,
1992,0.595173343,0.078335475,,,,,,,
1993,0.645173343,-0.271664525,,,,,,,
1994,-0.229826658,-0.196664525,,,,,,,
1995,0.070173343,0.028335475,,,,,,,
1996,0.370173343,-0.171664525,,,,,,,
1997,-0.129826658,0.178335475,,,,,,,
1998,0.445173343,0.453335475,,,,,,,
1999,0.245173343,0.003335475,,,,,,,
2000,0.395173343,0.303335475,,,,,,,
