song_Id,Arousal,Valence,min_distance,closest_pairs,name
1,-0.28845312,0.07610499999999999,0.1922905308712168,"(-0.48, 0.09300000000000001)",Distrustful
4,-0.56345312,-0.498895,0.11345850105979016,"(-0.45, -0.5)",Ashamed
5,-0.78845312,-0.673895,0.21716546507843829,"(-0.826, -0.46)",Depressed
6,-0.06345312,-0.373895,0.03965920754042366,"(-0.078, -0.337)",Worried
7,0.31154688,0.376105,0.12110635929931338,"(0.42, 0.43)",Convinced
8,-0.31345312,-0.623895,0.024775646565415813,"(-0.32, -0.6)",Embarrassed
9,-0.18845312,-0.498895,0.16591203290519468,"(-0.32, -0.6)",Embarrassed
10,-0.21345312,-0.22389499999999998,0.1764661121652948,"(-0.078, -0.337)",Worried
12,0.28654688,0.07610499999999999,0.034670048496279894,"(0.32, 0.067)",Expectant
13,0.56154688,0.101105,0.23000918977887472,"(0.33299999999999996, 0.127)",Passionate
14,0.03654688,0.07610499999999999,0.2465064036951868,"(-0.035, 0.312)",Impatient
15,0.13654688,0.251105,0.1820344282347007,"(-0.035, 0.312)",Impatient
16,-0.01345312,0.07610499999999999,0.236877012524927,"(-0.035, 0.312)",Impatient
17,0.56154688,0.27610500000000004,0.08018058981283684,"(0.498, 0.325)",Enthusianstic
18,0.51154688,0.601105,0.09830236346464107,"(0.43, 0.6559999999999999)",Ambitious
19,0.43654688,0.426105,0.016999125352040945,"(0.42, 0.43)",Convinced
20,0.01154688,0.201105,0.12026767255889838,"(-0.035, 0.312)",Impatient
21,0.63654688,0.476105,0.2050072169040261,"(0.498, 0.325)",Enthusianstic
23,0.16154688,0.27610500000000004,0.1997977153591462,"(-0.035, 0.312)",Impatient
25,0.434274153,0.49428681799999996,0.06585245942584475,"(0.42, 0.43)",Convinced
26,0.56154688,0.45110500000000003,0.1412114619382379,"(0.498, 0.325)",Enthusianstic
28,-0.11345312,0.07610499999999999,0.2485987591737626,"(-0.035, 0.312)",Impatient
29,0.31154688,0.27610500000000004,0.10933960976121321,"(0.42, 0.29)",Light Hearted
30,0.13654688,0.001105,0.19492870045925612,"(0.32, 0.067)",Expectant
31,0.16154688,-0.19889500000000002,0.24678859508237894,"(0.23, -0.436)",Longing
32,0.06154688,-0.29889499999999997,0.14465587697267748,"(-0.078, -0.337)",Worried
33,0.18654688,0.426105,0.23348561039758828,"(0.42, 0.43)",Convinced
34,0.28654688,0.601105,0.15359771698412183,"(0.43, 0.6559999999999999)",Ambitious
35,-0.41345312,0.17610499999999998,0.10646562009744925,"(-0.48, 0.09300000000000001)",Distrustful
37,0.51154688,0.426105,0.09162970185881,"(0.42, 0.43)",Convinced
38,0.68654688,0.601105,0.11965369807379292,"(0.7, 0.72)",Excited
39,0.66154688,0.10792318199999999,0.24407352460014903,"(0.9, 0.16)",Happy
40,-0.33845312,0.251105,0.0171264784101811,"(-0.33, 0.266)",Suspicious
42,0.43654688,0.126105,0.10355074786178231,"(0.33299999999999996, 0.127)",Passionate
43,0.63654688,0.501105,0.22407188351672866,"(0.498, 0.325)",Enthusianstic
44,0.28654688,0.27610500000000004,0.1341745365661249,"(0.42, 0.29)",Light Hearted
46,0.58654688,0.07610499999999999,0.25371144212024493,"(0.385, -0.078)",Impressed
47,-0.28845312,-0.148895,0.28226584409512673,"(-0.078, -0.337)",Worried
48,0.36154688,0.601105,0.08774560195664731,"(0.43, 0.6559999999999999)",Ambitious
49,0.48654688,0.351105,0.028506928679435096,"(0.498, 0.325)",Enthusianstic
50,0.58654688,0.101105,0.2407686046450708,"(0.498, 0.325)",Enthusianstic
51,0.56154688,0.45110500000000003,0.1412114619382379,"(0.498, 0.325)",Enthusianstic
52,0.08654688,-0.148895,0.2499183201422705,"(-0.078, -0.337)",Worried
54,0.66154688,0.476105,0.22266634901289953,"(0.498, 0.325)",Enthusianstic
55,0.16154688,-0.273895,0.17596550986694637,"(0.23, -0.436)",Longing
56,-0.26345312,-0.523895,0.09481308276147549,"(-0.32, -0.6)",Embarrassed
57,-0.03845312,-0.34889499999999996,0.041297054891776465,"(-0.078, -0.337)",Worried
58,-0.56345312,-0.5738949999999999,0.1353960171597909,"(-0.45, -0.5)",Ashamed
59,0.11154688,0.126105,0.21667049698270965,"(0.32, 0.067)",Expectant
60,-0.247544029,-0.255713182,0.18802320215898347,"(-0.078, -0.337)",Worried
61,-0.33845312,-0.523895,0.07831020790889523,"(-0.32, -0.6)",Embarrassed
63,-0.33845312,-0.148895,0.28026542823319184,"(-0.48, 0.09300000000000001)",Distrustful
65,0.08654688,0.426105,0.16671411176842352,"(-0.035, 0.312)",Impatient
66,0.63654688,0.45110500000000003,0.18734382557942605,"(0.498, 0.325)",Enthusianstic
67,0.51154688,0.101105,0.18041490898131016,"(0.33299999999999996, 0.127)",Passionate
68,0.21154688,0.07610499999999999,0.1088346464262847,"(0.32, 0.067)",Expectant
69,0.33654688,0.476105,0.09534198583380986,"(0.42, 0.43)",Convinced
70,0.06154688,-0.023895,0.2739706485423838,"(0.32, 0.067)",Expectant
71,0.43654688,0.101105,0.1067356893580325,"(0.33299999999999996, 0.127)",Passionate
72,0.41154688,0.301105,0.013956226665341903,"(0.42, 0.29)",Light Hearted
73,-0.01345312,0.301105,0.024144752281487585,"(-0.035, 0.312)",Impatient
74,0.68654688,0.476105,0.22562021332924587,"(0.88, 0.36)",Delighted
75,0.83654688,0.40110500000000004,0.059814669293864746,"(0.88, 0.36)",Delighted
76,0.18654688,0.22610500000000003,0.17683415219559367,"(0.33299999999999996, 0.127)",Passionate
78,-0.08845312,0.24428681800000002,0.08626883014333463,"(-0.035, 0.312)",Impatient
79,0.76154688,0.17610499999999998,0.13938664736169815,"(0.9, 0.16)",Happy
80,0.36154688,0.45110500000000003,0.062146506440301195,"(0.42, 0.43)",Convinced
81,0.13654688,0.32610500000000003,0.17212577686893502,"(-0.035, 0.312)",Impatient
83,0.46154688,0.376105,0.06277380809489258,"(0.498, 0.325)",Enthusianstic
84,-0.08845312,0.526105,0.03450382272639368,"(-0.08199999999999999, 0.56)",Jealous
86,0.31154688,0.376105,0.12110635929931338,"(0.42, 0.43)",Convinced
87,0.23654688,0.126105,0.09645727231647386,"(0.33299999999999996, 0.127)",Passionate
88,0.16154688,0.101105,0.16208189986156504,"(0.32, 0.067)",Expectant
89,0.28654688,0.426105,0.13350994817890685,"(0.42, 0.43)",Convinced
90,0.21154688,-0.09889500000000001,0.174707143135976,"(0.385, -0.078)",Impressed
91,0.63654688,0.40110500000000004,0.15807342908513883,"(0.498, 0.325)",Enthusianstic
92,0.21154688,0.07610499999999999,0.1088346464262847,"(0.32, 0.067)",Expectant
93,0.13654688,0.22610500000000003,0.191849636597869,"(-0.035, 0.312)",Impatient
94,0.43654688,0.526105,0.09751907640423187,"(0.42, 0.43)",Convinced
96,0.66154688,0.576105,0.14894433007917554,"(0.7, 0.72)",Excited
97,0.61154688,0.426105,0.15203655804685398,"(0.498, 0.325)",Enthusianstic
98,0.38654688,0.22610500000000003,0.07212268895940024,"(0.42, 0.29)",Light Hearted
99,0.28654688,0.301105,0.13391436167467027,"(0.42, 0.29)",Light Hearted
100,-0.73845312,-0.47389499999999996,0.08864269413061857,"(-0.826, -0.46)",Depressed
102,0.38654688,0.576105,0.09094715313155433,"(0.43, 0.6559999999999999)",Ambitious
103,0.08654688,0.476105,0.18827220130102695,"(-0.08199999999999999, 0.56)",Jealous
104,0.58654688,0.576105,0.1757559007906545,"(0.43, 0.6559999999999999)",Ambitious
105,-0.53845312,-0.29889499999999997,0.21969791865817576,"(-0.45, -0.5)",Ashamed
106,0.31154688,0.27610500000000004,0.10933960976121321,"(0.42, 0.29)",Light Hearted
107,0.11154688,0.151105,0.21763085503378055,"(-0.035, 0.312)",Impatient
108,0.63654688,0.651105,0.09366333040595118,"(0.7, 0.72)",Excited
109,0.51154688,0.501105,0.11591700592550867,"(0.42, 0.43)",Convinced
113,0.41154688,0.351105,0.06168692132644003,"(0.42, 0.29)",Light Hearted
114,0.38654688,0.40110500000000004,0.044204437138531665,"(0.42, 0.43)",Convinced
115,0.51154688,0.526105,0.13272905583456254,"(0.42, 0.43)",Convinced
116,0.71154688,0.45110500000000003,0.19151129121473337,"(0.88, 0.36)",Delighted
117,0.61154688,0.32610500000000003,0.11355225661665383,"(0.498, 0.325)",Enthusianstic
119,-0.11345312,0.251105,0.0993131061981972,"(-0.035, 0.312)",Impatient
120,0.43654688,0.45110500000000003,0.02681828224801885,"(0.42, 0.43)",Convinced
123,-0.46345312,-0.09889500000000001,0.1926070877790701,"(-0.48, 0.09300000000000001)",Distrustful
124,0.71154688,0.601105,0.11945439072187507,"(0.7, 0.72)",Excited
126,0.31154688,0.32610500000000003,0.11430507540233896,"(0.42, 0.29)",Light Hearted
127,0.53654688,0.576105,0.1331745045522392,"(0.43, 0.6559999999999999)",Ambitious
128,-0.06345312,0.126105,0.1880599134923081,"(-0.035, 0.312)",Impatient
132,0.61154688,0.351105,0.11650907682551777,"(0.498, 0.325)",Enthusianstic
133,0.46154688,0.40110500000000004,0.05060695863944402,"(0.42, 0.43)",Convinced
134,0.51154688,0.351105,0.029410695039974837,"(0.498, 0.325)",Enthusianstic
135,0.38654688,-0.273895,0.14387892084226378,"(0.51, -0.2)",Confident
136,0.16154688,-0.023895,0.18267263687464086,"(0.32, 0.067)",Expectant
137,0.43654688,0.32610500000000003,0.03971612094269033,"(0.42, 0.29)",Light Hearted
138,0.23654688,0.101105,0.09015306019617084,"(0.32, 0.067)",Expectant
139,0.33654688,0.476105,0.09534198583380986,"(0.42, 0.43)",Convinced
140,0.03654688,0.22610500000000003,0.11178956598329916,"(-0.035, 0.312)",Impatient
141,-0.01345312,0.22610500000000003,0.08855630447762822,"(-0.035, 0.312)",Impatient
142,0.11154688,0.17610499999999998,0.199858547634907,"(-0.035, 0.312)",Impatient
143,0.03654688,0.17610499999999998,0.15357866734261763,"(-0.035, 0.312)",Impatient
144,0.63654688,0.576105,0.15726432991220352,"(0.7, 0.72)",Excited
145,0.43654688,0.426105,0.016999125352040945,"(0.42, 0.43)",Convinced
146,0.23654688,0.40110500000000004,0.18571474971777122,"(0.42, 0.43)",Convinced
147,0.01154688,0.22610500000000003,0.09769627967703988,"(-0.035, 0.312)",Impatient
148,-0.28845312,-0.073895,0.2540554039235033,"(-0.48, 0.09300000000000001)",Distrustful
149,-0.31345312,-0.548895,0.051522642233627694,"(-0.32, -0.6)",Embarrassed
150,0.38654688,0.376105,0.06343328986214097,"(0.42, 0.43)",Convinced
151,-0.43845312,0.151105,0.07143062552389134,"(-0.48, 0.09300000000000001)",Distrustful
152,0.56154688,0.376105,0.08154708445269149,"(0.498, 0.325)",Enthusianstic
153,0.26154688,0.22610500000000003,0.12217753223377202,"(0.33299999999999996, 0.127)",Passionate
156,0.23654688,0.026105,0.09293451599236101,"(0.32, 0.067)",Expectant
157,-0.020271301999999998,0.289741364,0.026690474356138746,"(-0.035, 0.312)",Impatient
158,0.36154688,0.501105,0.0920472067079409,"(0.42, 0.43)",Convinced
159,0.66154688,0.27610500000000004,0.1706994522039669,"(0.498, 0.325)",Enthusianstic
160,0.56154688,0.5511050000000001,0.16824845515705147,"(0.43, 0.6559999999999999)",Ambitious
161,0.63654688,0.351105,0.14098478280557233,"(0.498, 0.325)",Enthusianstic
162,0.66154688,0.40110500000000004,0.18038723065321002,"(0.498, 0.325)",Enthusianstic
165,0.38654688,0.27610500000000004,0.03622405640916542,"(0.42, 0.29)",Light Hearted
166,0.16154688,0.07610499999999999,0.15871449922024894,"(0.32, 0.067)",Expectant
167,0.68654688,0.476105,0.22562021332924587,"(0.88, 0.36)",Delighted
168,0.33654688,0.17610499999999998,0.04923292986136818,"(0.33299999999999996, 0.127)",Passionate
169,0.26154688,0.126105,0.07145872502874927,"(0.33299999999999996, 0.127)",Passionate
170,-0.48845312,0.126105,0.03416718107679355,"(-0.48, 0.09300000000000001)",Distrustful
171,0.61154688,0.5511050000000001,0.19065538403814972,"(0.7, 0.72)",Excited
172,0.18654688,0.17610499999999998,0.15446623379475008,"(0.33299999999999996, 0.127)",Passionate
174,-0.133907665,-0.005713182,0.3327527493685324,"(-0.035, 0.312)",Impatient
175,-0.13845312,-0.173895,0.17394775291085082,"(-0.078, -0.337)",Worried
176,0.33654688,0.22610500000000003,0.09916844953277432,"(0.33299999999999996, 0.127)",Passionate
177,0.01154688,0.001105,0.3143601645608654,"(-0.035, 0.312)",Impatient
179,0.38654688,-0.448895,0.09519073832434752,"(0.48, -0.467)",Attentive
180,0.06154688,0.301105,0.09715966788093915,"(-0.035, 0.312)",Impatient
181,-0.11345312,0.17610499999999998,0.15691508233033052,"(-0.035, 0.312)",Impatient
184,0.56154688,0.201105,0.1392414341449211,"(0.498, 0.325)",Enthusianstic
185,0.23654688,-0.123895,0.15538558447531228,"(0.385, -0.078)",Impressed
186,0.56154688,0.351105,0.06869990526001034,"(0.498, 0.325)",Enthusianstic
187,0.31154688,0.27610500000000004,0.10933960976121321,"(0.42, 0.29)",Light Hearted
188,-0.46345312,-0.273895,0.22650487293375035,"(-0.45, -0.5)",Ashamed
189,0.28654688,0.201105,0.08746109639567981,"(0.33299999999999996, 0.127)",Passionate
191,0.43654688,0.576105,0.08016278851645812,"(0.43, 0.6559999999999999)",Ambitious
192,0.78654688,0.001105,0.19524146962859715,"(0.9, 0.16)",Happy
196,-0.21345312,-0.34889499999999996,0.13597440473388508,"(-0.078, -0.337)",Worried
197,-0.41345312,-0.19889500000000002,0.2993846660447632,"(-0.48, 0.09300000000000001)",Distrustful
198,0.6388196070000001,0.426105,0.17335623075227052,"(0.498, 0.325)",Enthusianstic
199,0.48654688,0.301105,0.026498018468074168,"(0.498, 0.325)",Enthusianstic
200,0.31154688,0.051105000000000005,0.0180029515006401,"(0.32, 0.067)",Expectant
201,0.16154688,0.301105,0.1968486145816993,"(-0.035, 0.312)",Impatient
202,0.61154688,0.45110500000000003,0.1696919708847016,"(0.498, 0.325)",Enthusianstic
203,0.46154688,0.301105,0.04300539806506157,"(0.42, 0.29)",Light Hearted
204,0.38654688,0.101105,0.059479571137781434,"(0.33299999999999996, 0.127)",Passionate
207,0.61154688,0.40110500000000004,0.1366925930061114,"(0.498, 0.325)",Enthusianstic
209,0.28654688,0.476105,0.14119279819712618,"(0.42, 0.43)",Convinced
210,0.53654688,0.376105,0.06401236585796839,"(0.498, 0.325)",Enthusianstic
211,0.21154688,0.22610500000000003,0.1567566948577776,"(0.33299999999999996, 0.127)",Passionate
212,0.23654688,0.126105,0.09645727231647386,"(0.33299999999999996, 0.127)",Passionate
213,0.03654688,-0.34889499999999996,0.11516283577063564,"(-0.078, -0.337)",Worried
215,-0.03845312,-0.048895,0.2908065452199011,"(-0.078, -0.337)",Worried
216,0.21154688,0.251105,0.17364593684487523,"(0.33299999999999996, 0.127)",Passionate
217,0.13654688,0.07610499999999999,0.18367892710579078,"(0.32, 0.067)",Expectant
219,0.58654688,0.426105,0.1343978086976659,"(0.498, 0.325)",Enthusianstic
220,0.28654688,0.27610500000000004,0.1341745365661249,"(0.42, 0.29)",Light Hearted
221,0.53654688,0.32610500000000003,0.038562714929506664,"(0.498, 0.325)",Enthusianstic
222,0.23654688,-0.373895,0.06244912059216208,"(0.23, -0.436)",Longing
224,0.08654688,-0.073895,0.2726751918725545,"(0.32, 0.067)",Expectant
225,-0.26345312,-0.023895,0.24608330350256272,"(-0.48, 0.09300000000000001)",Distrustful
227,-0.13845312,-0.22389499999999998,0.12824710812620457,"(-0.078, -0.337)",Worried
228,0.01154688,-0.22389499999999998,0.14426151511312504,"(-0.078, -0.337)",Worried
229,-0.18845312,-0.273895,0.12720901203426746,"(-0.078, -0.337)",Worried
230,-0.36345312,0.40110500000000004,0.1391850288742809,"(-0.33, 0.266)",Suspicious
231,-0.01345312,0.026105,0.28670580577088844,"(-0.035, 0.312)",Impatient
232,-0.26345312,-0.123895,0.28250062078291865,"(-0.078, -0.337)",Worried
233,-0.28845312,-0.09889500000000001,0.271134465280116,"(-0.48, 0.09300000000000001)",Distrustful
234,-0.31345312,-0.19889500000000002,0.2729673290757236,"(-0.078, -0.337)",Worried
235,-0.18845312,0.32610500000000003,0.15377948583193535,"(-0.33, 0.266)",Suspicious
236,-0.46345312,-0.47389499999999996,0.029367626099744627,"(-0.45, -0.5)",Ashamed
237,-0.03845312,-0.448895,0.11867791177272372,"(-0.078, -0.337)",Worried
238,0.18654688,0.051105000000000005,0.13439637741670868,"(0.32, 0.067)",Expectant
239,0.16154688,0.301105,0.1968486145816993,"(-0.035, 0.312)",Impatient
241,-0.03845312,0.051105000000000005,0.26091785117683,"(-0.035, 0.312)",Impatient
242,0.16154688,0.151105,0.17313931784183043,"(0.33299999999999996, 0.127)",Passionate
244,-0.51345312,-0.24889499999999998,0.25899810706399845,"(-0.45, -0.5)",Ashamed
249,-0.01345312,-0.173895,0.17541248741960877,"(-0.078, -0.337)",Worried
251,-0.224816756,-0.142076818,0.2440291104015434,"(-0.078, -0.337)",Worried
252,-0.81345312,-0.34889499999999996,0.049926748970210384,"(-0.83, -0.396)",Sad
253,0.13654688,-0.023895,0.20473628955984916,"(0.32, 0.067)",Expectant
257,-0.26345312,-0.448895,0.16133899300148863,"(-0.32, -0.6)",Embarrassed
258,0.26154688,-0.123895,0.13170810097611463,"(0.385, -0.078)",Impressed
260,-0.16345312,-0.47389499999999996,0.1613768160013525,"(-0.078, -0.337)",Worried
263,-0.26345312,-0.373895,0.1890875478256947,"(-0.078, -0.337)",Worried
265,-0.06345312,0.27610500000000004,0.0458042690448652,"(-0.035, 0.312)",Impatient
267,-0.53845312,-0.373895,0.15403384518583702,"(-0.45, -0.5)",Ashamed
269,0.08654688,0.201105,0.16453372013886516,"(-0.035, 0.312)",Impatient
273,-0.41345312,-0.34889499999999996,0.15546187784384444,"(-0.45, -0.5)",Ashamed
275,-0.41345312,-0.24889499999999998,0.25375065608335756,"(-0.45, -0.5)",Ashamed
276,0.21154688,-0.048895,0.15872532961923375,"(0.32, 0.067)",Expectant
277,-0.68845312,-0.29889499999999997,0.1716534306756914,"(-0.83, -0.396)",Sad
279,-0.36345312,-0.148895,0.2685076651843191,"(-0.48, 0.09300000000000001)",Distrustful
280,-0.43845312,-0.023895,0.12405879357278309,"(-0.48, 0.09300000000000001)",Distrustful
282,-0.01345312,-0.023895,0.3196889750096716,"(-0.078, -0.337)",Worried
283,0.06154688,0.001105,0.2667211395122899,"(0.32, 0.067)",Expectant
284,-0.16345312,-0.09889500000000001,0.2529747551490749,"(-0.078, -0.337)",Worried
285,-0.06345312,-0.023895,0.3134427423673013,"(-0.078, -0.337)",Worried
287,-0.08845312,0.301105,0.05455214993686682,"(-0.035, 0.312)",Impatient
292,0.81154688,0.651105,0.13110769414010146,"(0.7, 0.72)",Excited
293,0.18654688,0.201105,0.16413429678995914,"(0.33299999999999996, 0.127)",Passionate
294,0.31154688,0.026105,0.041759505058542055,"(0.32, 0.067)",Expectant
295,0.36154688,0.426105,0.05858274714226362,"(0.42, 0.43)",Convinced
296,0.53654688,0.526105,0.1510607369991766,"(0.42, 0.43)",Convinced
297,0.26154688,0.32610500000000003,0.1625144986231518,"(0.42, 0.29)",Light Hearted
298,0.36154688,0.40110500000000004,0.0652049711504759,"(0.42, 0.43)",Convinced
299,-0.58845312,0.22610500000000003,0.14607905483926975,"(-0.73, 0.19)",Insulted
300,0.01154688,0.45110500000000003,0.14355883735505245,"(-0.08199999999999999, 0.56)",Jealous
301,0.56154688,0.501105,0.15840277858274582,"(0.42, 0.43)",Convinced
302,-0.08845312,0.07610499999999999,0.2418753543929898,"(-0.035, 0.312)",Impatient
303,0.38654688,0.151105,0.05872239251541444,"(0.33299999999999996, 0.127)",Passionate
304,0.71154688,0.40110500000000004,0.173395716967676,"(0.88, 0.36)",Delighted
305,0.78654688,0.426105,0.11446989413262516,"(0.88, 0.36)",Delighted
306,0.46154688,0.6761050000000001,0.03740877788346481,"(0.43, 0.6559999999999999)",Ambitious
307,0.71154688,0.07610499999999999,0.2062836626171215,"(0.9, 0.16)",Happy
308,0.53654688,0.626105,0.1106614145162368,"(0.43, 0.6559999999999999)",Ambitious
309,-0.38845312,-0.29889499999999997,0.21031224277900326,"(-0.45, -0.5)",Ashamed
310,-0.28845312,0.27610500000000004,0.04275809002673531,"(-0.33, 0.266)",Suspicious
312,0.58654688,0.501105,0.18109054161588453,"(0.42, 0.43)",Convinced
313,-0.01345312,0.251105,0.06459465196697323,"(-0.035, 0.312)",Impatient
314,0.03654688,0.22610500000000003,0.11178956598329916,"(-0.035, 0.312)",Impatient
315,0.61154688,0.22610500000000003,0.15057594423656923,"(0.498, 0.325)",Enthusianstic
316,0.68654688,0.651105,0.07019620689705669,"(0.7, 0.72)",Excited
317,0.76154688,0.651105,0.09238257120655606,"(0.7, 0.72)",Excited
318,0.36154688,0.576105,0.10520950842359443,"(0.43, 0.6559999999999999)",Ambitious
319,0.38654688,-0.073895,0.004386782731615494,"(0.385, -0.078)",Impressed
321,0.28654688,-0.09889500000000001,0.1006460027161258,"(0.385, -0.078)",Impressed
323,0.63654688,0.376105,0.14767179481110945,"(0.498, 0.325)",Enthusianstic
324,0.68654688,0.026105,0.251972429965531,"(0.9, 0.16)",Happy
325,-0.11345312,0.151105,0.1790030532218219,"(-0.035, 0.312)",Impatient
326,0.28654688,0.32610500000000003,0.1382508815983985,"(0.42, 0.29)",Light Hearted
327,0.43654688,0.40110500000000004,0.03329745129487238,"(0.42, 0.43)",Convinced
329,0.78654688,0.501105,0.16924569909671092,"(0.88, 0.36)",Delighted
331,0.61154688,0.526105,0.21311786753516085,"(0.7, 0.72)",Excited
332,0.43654688,0.376105,0.05637792354046394,"(0.42, 0.43)",Convinced
333,0.48654688,0.476105,0.08095775603816106,"(0.42, 0.43)",Convinced
334,0.16154688,0.051105000000000005,0.15924836659361502,"(0.32, 0.067)",Expectant
336,0.41154688,0.376105,0.05455388402977735,"(0.42, 0.43)",Convinced
337,0.26154688,0.5511050000000001,0.19844247192255585,"(0.43, 0.6559999999999999)",Ambitious
338,0.56154688,0.351105,0.06869990526001034,"(0.498, 0.325)",Enthusianstic
339,0.36154688,0.501105,0.0920472067079409,"(0.42, 0.43)",Convinced
341,0.61154688,0.526105,0.21311786753516085,"(0.7, 0.72)",Excited
342,0.41154688,0.301105,0.013956226665341903,"(0.42, 0.29)",Light Hearted
343,0.21154688,0.026105,0.11590720539610298,"(0.32, 0.067)",Expectant
347,-0.71345312,-0.398895,0.11658283005114595,"(-0.83, -0.396)",Sad
348,-0.16345312,-0.47389499999999996,0.1613768160013525,"(-0.078, -0.337)",Worried
349,-0.53845312,-0.398895,0.13433605421752717,"(-0.45, -0.5)",Ashamed
350,-0.56345312,-0.323895,0.20948647083459687,"(-0.45, -0.5)",Ashamed
351,-0.53845312,0.026105,0.08883528726094381,"(-0.48, 0.09300000000000001)",Distrustful
353,-0.03845312,0.101105,0.21092326818711682,"(-0.035, 0.312)",Impatient
354,-0.38845312,-0.048895,0.1688639164023339,"(-0.48, 0.09300000000000001)",Distrustful
355,-0.18845312,-0.42389499999999997,0.1405369444051435,"(-0.078, -0.337)",Worried
356,-0.13845312,0.051105000000000005,0.28065770800520407,"(-0.035, 0.312)",Impatient
358,-0.31345312,0.301105,0.03880928062634505,"(-0.33, 0.266)",Suspicious
360,0.08654688,0.026105,0.2370079329109775,"(0.32, 0.067)",Expectant
361,0.13654688,0.026105,0.18795597426720545,"(0.32, 0.067)",Expectant
362,-0.28845312,-0.148895,0.28226584409512673,"(-0.078, -0.337)",Worried
364,-0.33845312,-0.273895,0.2521233377986544,"(-0.45, -0.5)",Ashamed
366,-0.56345312,-0.498895,0.11345850105979016,"(-0.45, -0.5)",Ashamed
367,0.13654688,-0.448895,0.09433857462742587,"(0.23, -0.436)",Longing
368,0.11154688,0.07610499999999999,0.20865187337461027,"(0.32, 0.067)",Expectant
370,-0.28845312,-0.5738949999999999,0.04094724243138239,"(-0.32, -0.6)",Embarrassed
372,0.56154688,-0.723895,0.06907692424199567,"(0.55, -0.792)",Peace
373,0.61154688,0.376105,0.12451752881716857,"(0.498, 0.325)",Enthusianstic
375,0.38654688,0.476105,0.056962990289611735,"(0.42, 0.43)",Convinced
376,0.11154688,0.251105,0.1586952710786758,"(-0.035, 0.312)",Impatient
379,0.78654688,0.751105,0.09196675194185343,"(0.7, 0.72)",Excited
381,0.78654688,0.526105,0.19058949777659426,"(0.88, 0.36)",Delighted
382,0.6842741529999999,0.6533777270000001,0.0684531191659951,"(0.7, 0.72)",Excited
383,-0.08845312,-0.24889499999999998,0.08872293245116737,"(-0.078, -0.337)",Worried
385,0.56154688,0.426105,0.11941702970152288,"(0.498, 0.325)",Enthusianstic
386,0.03654688,0.101105,0.22270082411777106,"(-0.035, 0.312)",Impatient
388,0.06154688,0.351105,0.10416573843032266,"(-0.035, 0.312)",Impatient
389,-0.63845312,-0.34889499999999996,0.19725386754822932,"(-0.83, -0.396)",Sad
391,0.61154688,0.126105,0.2290242672354491,"(0.498, 0.325)",Enthusianstic
393,-0.01345312,-0.148895,0.19887129190190928,"(-0.078, -0.337)",Worried
394,0.41154688,0.27610500000000004,0.016264263362796298,"(0.42, 0.29)",Light Hearted
395,0.33654688,0.27610500000000004,0.08460197552501003,"(0.42, 0.29)",Light Hearted
396,0.21154688,0.351105,0.21722459405586284,"(0.42, 0.29)",Light Hearted
397,-0.18845312,-0.398895,0.12661312231650557,"(-0.078, -0.337)",Worried
398,-0.21345312,-0.19889500000000002,0.19344389042493537,"(-0.078, -0.337)",Worried
399,0.13654688,-0.173895,0.2663171114718962,"(0.385, -0.078)",Impressed
401,-0.38845312,-0.5738949999999999,0.07326186363132185,"(-0.32, -0.6)",Embarrassed
402,0.61154688,0.301105,0.11603389583537391,"(0.498, 0.325)",Enthusianstic
403,0.43654688,0.5511050000000001,0.10509910876279764,"(0.43, 0.6559999999999999)",Ambitious
405,0.38654688,0.351105,0.06966299062439398,"(0.42, 0.29)",Light Hearted
407,0.48654688,0.051105000000000005,0.1642555017731047,"(0.385, -0.078)",Impressed
408,0.73654688,0.151105,0.16369497079242967,"(0.9, 0.16)",Happy
409,0.73654688,0.251105,0.18010252264400517,"(0.88, 0.36)",Delighted
410,0.31154688,-0.173895,0.12079408869118718,"(0.385, -0.078)",Impressed
411,-0.73845312,0.201105,0.013956226665341881,"(-0.73, 0.19)",Insulted
412,-0.08845312,-0.19889500000000002,0.13850003156221447,"(-0.078, -0.337)",Worried
413,0.06154688,0.27610500000000004,0.10300364587107777,"(-0.035, 0.312)",Impatient
414,0.070637789,0.017014091000000002,0.25432283297683833,"(0.32, 0.067)",Expectant
415,-0.133907665,-0.028440455,0.31358357708330215,"(-0.078, -0.337)",Worried
417,0.63654688,0.476105,0.2050072169040261,"(0.498, 0.325)",Enthusianstic
418,-0.23845312,-0.323895,0.1609874055407267,"(-0.078, -0.337)",Worried
419,-0.91345312,-0.623895,0.18576764848254496,"(-0.826, -0.46)",Depressed
420,0.46154688,0.026105,0.12921793939981552,"(0.385, -0.078)",Impressed
421,0.61154688,0.376105,0.12451752881716857,"(0.498, 0.325)",Enthusianstic
423,0.68654688,0.22610500000000003,0.21290877619941923,"(0.498, 0.325)",Enthusianstic
424,0.01154688,0.22610500000000003,0.09769627967703988,"(-0.035, 0.312)",Impatient
425,0.81154688,0.5511050000000001,0.20240609541892352,"(0.7, 0.72)",Excited
426,0.56154688,0.351105,0.06869990526001034,"(0.498, 0.325)",Enthusianstic
427,0.46154688,0.32610500000000003,0.03646986403504132,"(0.498, 0.325)",Enthusianstic
428,-0.11345312,0.051105000000000005,0.2724354842210067,"(-0.035, 0.312)",Impatient
429,-0.63845312,-0.273895,0.22715597782742677,"(-0.83, -0.396)",Sad
431,-0.03845312,0.201105,0.11094874971235322,"(-0.035, 0.312)",Impatient
432,-0.33845312,-0.273895,0.2521233377986544,"(-0.45, -0.5)",Ashamed
433,-0.36345312,-0.073895,0.2035610872999415,"(-0.48, 0.09300000000000001)",Distrustful
434,-0.06345312,-0.29889499999999997,0.04078728653311475,"(-0.078, -0.337)",Worried
435,-0.53845312,-0.373895,0.15403384518583702,"(-0.45, -0.5)",Ashamed
436,-0.58845312,-0.373895,0.187274497630442,"(-0.45, -0.5)",Ashamed
437,-0.71345312,-0.323895,0.13704855439855754,"(-0.83, -0.396)",Sad
438,-0.41345312,-0.42389499999999997,0.0844253839951848,"(-0.45, -0.5)",Ashamed
439,-0.63845312,-0.548895,0.19469283361935638,"(-0.45, -0.5)",Ashamed
440,-0.48845312,-0.498895,0.03846899352380305,"(-0.45, -0.5)",Ashamed
441,0.26154688,0.301105,0.15884178374324057,"(0.42, 0.29)",Light Hearted
442,0.33654688,0.151105,0.02436455176551376,"(0.33299999999999996, 0.127)",Passionate
443,0.31154688,0.27610500000000004,0.10933960976121321,"(0.42, 0.29)",Light Hearted
444,0.38654688,0.45110500000000003,0.039554168714996424,"(0.42, 0.43)",Convinced
445,0.08654688,-0.148895,0.2499183201422705,"(-0.078, -0.337)",Worried
446,-0.23845312,-0.09889500000000001,0.28712226444971906,"(-0.078, -0.337)",Worried
447,0.08654688,0.126105,0.2221049190421824,"(-0.035, 0.312)",Impatient
448,0.46154688,0.40110500000000004,0.05060695863944402,"(0.42, 0.43)",Convinced
449,0.31154688,0.40110500000000004,0.11223635891605888,"(0.42, 0.43)",Convinced
450,0.41154688,0.45110500000000003,0.022734912859617505,"(0.42, 0.43)",Convinced
451,0.71154688,0.601105,0.11945439072187507,"(0.7, 0.72)",Excited
452,0.21154688,0.40110500000000004,0.2104462502938325,"(0.42, 0.43)",Convinced
454,0.58654688,0.5511050000000001,0.18844067146647075,"(0.43, 0.6559999999999999)",Ambitious
455,0.66154688,0.40110500000000004,0.18038723065321002,"(0.498, 0.325)",Enthusianstic
456,0.31154688,-0.023895,0.0912288981777945,"(0.385, -0.078)",Impressed
457,0.23654688,0.501105,0.19675103116053652,"(0.42, 0.43)",Convinced
458,0.41154688,0.40110500000000004,0.03010608348381431,"(0.42, 0.43)",Convinced
460,0.51154688,0.32610500000000003,0.013591871936359653,"(0.498, 0.325)",Enthusianstic
461,-0.33845312,0.201105,0.06544322931162858,"(-0.33, 0.266)",Suspicious
462,-0.26345312,0.22610500000000003,0.0775892921912193,"(-0.33, 0.266)",Suspicious
463,-0.48845312,0.051105000000000005,0.04273928243120609,"(-0.48, 0.09300000000000001)",Distrustful
465,-0.41345312,-0.22389499999999998,0.2785132769954323,"(-0.45, -0.5)",Ashamed
466,0.21154688,0.40110500000000004,0.2104462502938325,"(0.42, 0.43)",Convinced
468,0.43654688,0.501105,0.07300493313971601,"(0.42, 0.43)",Convinced
469,0.33654688,0.351105,0.1034323173033187,"(0.42, 0.29)",Light Hearted
470,0.43654688,0.626105,0.030603474684002697,"(0.43, 0.6559999999999999)",Ambitious
471,0.66154688,0.501105,0.2222468525372955,"(0.7, 0.72)",Excited
472,0.13654688,0.251105,0.1820344282347007,"(-0.035, 0.312)",Impatient
476,0.31154688,0.651105,0.11855421824099888,"(0.43, 0.6559999999999999)",Ambitious
477,0.06154688,0.351105,0.10416573843032266,"(-0.035, 0.312)",Impatient
478,0.21154688,0.27610500000000004,0.19231006573430942,"(0.33299999999999996, 0.127)",Passionate
479,-0.63845312,-0.29889499999999997,0.21475471650870534,"(-0.83, -0.396)",Sad
480,0.48654688,0.201105,0.11104417257440571,"(0.42, 0.29)",Light Hearted
481,0.28654688,0.151105,0.05233491552237756,"(0.33299999999999996, 0.127)",Passionate
482,0.025183244,0.062468635999999994,0.2566864322048675,"(-0.035, 0.312)",Impatient
483,0.06154688,-0.048895,0.28324841793509525,"(0.32, 0.067)",Expectant
484,0.26154688,0.17610499999999998,0.0866997657593975,"(0.33299999999999996, 0.127)",Passionate
485,0.33654688,0.32610500000000003,0.09092851182513878,"(0.42, 0.29)",Light Hearted
486,-0.33845312,0.07610499999999999,0.14255160561261454,"(-0.48, 0.09300000000000001)",Distrustful
487,0.51154688,0.476105,0.10250123054253744,"(0.42, 0.43)",Convinced
488,0.23654688,0.126105,0.09645727231647386,"(0.33299999999999996, 0.127)",Passionate
489,0.729728698,0.5170140910000001,0.20515134593107462,"(0.7, 0.72)",Excited
490,0.56154688,0.301105,0.06789091973698984,"(0.498, 0.325)",Enthusianstic
491,0.06154688,-0.19889500000000002,0.1963321744970355,"(-0.078, -0.337)",Worried
492,0.71154688,0.501105,0.21919934183919068,"(0.7, 0.72)",Excited
493,0.38654688,0.426105,0.03367910721403405,"(0.42, 0.43)",Convinced
494,0.51154688,-0.148895,0.05112840563458244,"(0.51, -0.2)",Confident
495,0.58654688,-0.123895,0.10794163174018817,"(0.51, -0.2)",Confident
496,0.23654688,0.001105,0.10633237636173849,"(0.32, 0.067)",Expectant
499,0.63654688,0.576105,0.15726432991220352,"(0.7, 0.72)",Excited
500,0.31154688,-0.22389499999999998,0.1633423149791088,"(0.385, -0.078)",Impressed
501,0.58654688,0.5511050000000001,0.18844067146647075,"(0.43, 0.6559999999999999)",Ambitious
503,0.13881960699999998,-0.09662227300000001,0.2441282102283982,"(0.32, 0.067)",Expectant
504,0.26154688,0.27610500000000004,0.1590611903096868,"(0.42, 0.29)",Light Hearted
505,0.21154688,0.151105,0.12382209569674708,"(0.33299999999999996, 0.127)",Passionate
506,-0.53845312,-0.323895,0.19707086406349975,"(-0.45, -0.5)",Ashamed
507,0.51154688,0.251105,0.07512648655923156,"(0.498, 0.325)",Enthusianstic
508,-0.36345312,0.001105,0.14841787716691812,"(-0.48, 0.09300000000000001)",Distrustful
510,0.33654688,0.576105,0.12294997626162597,"(0.43, 0.6559999999999999)",Ambitious
511,0.28654688,0.40110500000000004,0.13654543662361768,"(0.42, 0.43)",Convinced
512,-0.46345312,-0.22389499999999998,0.27643255499802194,"(-0.45, -0.5)",Ashamed
514,0.61154688,0.426105,0.15203655804685398,"(0.498, 0.325)",Enthusianstic
515,0.13654688,0.501105,0.22634345535653203,"(-0.08199999999999999, 0.56)",Jealous
516,-0.28845312,-0.148895,0.28226584409512673,"(-0.078, -0.337)",Worried
517,-0.56345312,-0.22389499999999998,0.2985055802874285,"(-0.45, -0.5)",Ashamed
518,-0.23845312,-0.048895,0.2801411898717045,"(-0.48, 0.09300000000000001)",Distrustful
519,-0.38845312,-0.548895,0.07860495825795219,"(-0.45, -0.5)",Ashamed
520,0.23654688,-0.773895,0.11008983905308606,"(0.23, -0.664)",Serious
521,-0.06345312,-0.323895,0.01957939587255952,"(-0.078, -0.337)",Worried
522,-0.01345312,-0.148895,0.19887129190190928,"(-0.078, -0.337)",Worried
523,-0.41345312,-0.398895,0.10750765304262949,"(-0.45, -0.5)",Ashamed
524,-0.06345312,-0.523895,0.1144698941326251,"(0.03, -0.59)",Pensive
525,-0.61345312,-0.523895,0.16519047630760794,"(-0.45, -0.5)",Ashamed
526,-0.16345312,-0.023895,0.32455658480877325,"(-0.078, -0.337)",Worried
530,-0.497544029,-0.392076818,0.11793153906634969,"(-0.45, -0.5)",Ashamed
531,-0.63845312,-0.47389499999999996,0.18806090296160546,"(-0.826, -0.46)",Depressed
532,-0.01345312,-0.398895,0.08942757260898004,"(-0.078, -0.337)",Worried
534,-0.76345312,-0.498895,0.07365414599826946,"(-0.826, -0.46)",Depressed
535,0.43654688,0.501105,0.07300493313971601,"(0.42, 0.43)",Convinced
536,0.48654688,0.576105,0.09788136013937686,"(0.43, 0.6559999999999999)",Ambitious
537,0.43654688,0.351105,0.06330576800524897,"(0.42, 0.29)",Light Hearted
539,0.13654688,0.22610500000000003,0.191849636597869,"(-0.035, 0.312)",Impatient
540,-0.06345312,-0.29889499999999997,0.04078728653311475,"(-0.078, -0.337)",Worried
541,-0.53845312,-0.373895,0.15403384518583702,"(-0.45, -0.5)",Ashamed
542,0.33654688,0.151105,0.02436455176551376,"(0.33299999999999996, 0.127)",Passionate
544,-0.18845312,0.17610499999999998,0.16768014272040208,"(-0.33, 0.266)",Suspicious
546,0.48654688,0.07610499999999999,0.1617620022833991,"(0.33299999999999996, 0.127)",Passionate
548,-0.18845312,0.026105,0.2785410746420255,"(-0.33, 0.266)",Suspicious
549,-0.21345312,-0.448895,0.1756930241720894,"(-0.078, -0.337)",Worried
550,-0.21345312,-0.323895,0.13608559344300336,"(-0.078, -0.337)",Worried
551,-0.51345312,-0.323895,0.18718779197034832,"(-0.45, -0.5)",Ashamed
552,0.61154688,0.5511050000000001,0.19065538403814972,"(0.7, 0.72)",Excited
554,0.23654688,0.22610500000000003,0.13829318632070925,"(0.33299999999999996, 0.127)",Passionate
555,0.43654688,0.301105,0.01992787652346336,"(0.42, 0.29)",Light Hearted
558,0.01154688,-0.048895,0.30170040560585,"(-0.078, -0.337)",Worried
560,0.23654688,-0.048895,0.14281482508036203,"(0.32, 0.067)",Expectant
561,0.56154688,0.701105,0.1390648865196905,"(0.43, 0.6559999999999999)",Ambitious
562,0.38654688,0.301105,0.035248152614490325,"(0.42, 0.29)",Light Hearted
563,0.38654688,0.301105,0.035248152614490325,"(0.42, 0.29)",Light Hearted
564,0.71154688,-0.123895,0.1957836553513454,"(0.626, -0.3)",Hopeful
565,0.36154688,0.201105,0.07941331993270652,"(0.33299999999999996, 0.127)",Passionate
566,0.46154688,0.376105,0.06277380809489258,"(0.498, 0.325)",Enthusianstic
567,0.66154688,0.576105,0.14894433007917554,"(0.7, 0.72)",Excited
568,0.86154688,0.576105,0.21634039258246346,"(0.7, 0.72)",Excited
569,0.31154688,0.22610500000000003,0.10140038157095072,"(0.33299999999999996, 0.127)",Passionate
570,0.38654688,0.001105,0.07912012299493978,"(0.385, -0.078)",Impressed
571,0.23654688,0.376105,0.1912059577072179,"(0.42, 0.43)",Convinced
572,0.38654688,-0.023895,0.05412710839066133,"(0.385, -0.078)",Impressed
573,0.43654688,0.45110500000000003,0.02681828224801885,"(0.42, 0.43)",Convinced
574,0.48654688,0.476105,0.08095775603816106,"(0.42, 0.43)",Convinced
575,0.56154688,0.501105,0.15840277858274582,"(0.42, 0.43)",Convinced
576,0.33654688,0.351105,0.1034323173033187,"(0.42, 0.29)",Light Hearted
577,0.18654688,0.07610499999999999,0.13376335919351906,"(0.32, 0.067)",Expectant
578,-0.16345312,0.17610499999999998,0.18699640387647673,"(-0.035, 0.312)",Impatient
579,-0.56345312,-0.623895,0.167992801818216,"(-0.45, -0.5)",Ashamed
580,0.61154688,0.501105,0.2043186928862223,"(0.42, 0.43)",Convinced
582,-0.26345312,-0.073895,0.2733980472913704,"(-0.48, 0.09300000000000001)",Distrustful
583,-0.06345312,-0.073895,0.2635068362352947,"(-0.078, -0.337)",Worried
584,-0.33845312,-0.148895,0.28026542823319184,"(-0.48, 0.09300000000000001)",Distrustful
585,-0.03845312,-0.148895,0.19221718638751947,"(-0.078, -0.337)",Worried
587,-0.31345312,0.126105,0.14087018940405527,"(-0.33, 0.266)",Suspicious
588,0.31154688,0.476105,0.1178462993170952,"(0.42, 0.43)",Convinced
589,0.01154688,-0.09889500000000001,0.25438678177675506,"(-0.078, -0.337)",Worried
590,-0.16345312,-0.34889499999999996,0.08627703485131138,"(-0.078, -0.337)",Worried
591,-0.58845312,-0.373895,0.187274497630442,"(-0.45, -0.5)",Ashamed
592,-0.26345312,-0.24889499999999998,0.20531768248919624,"(-0.078, -0.337)",Worried
594,-0.06345312,-0.19889500000000002,0.13886901289608997,"(-0.078, -0.337)",Worried
595,-0.31345312,-0.273895,0.24376302579089879,"(-0.078, -0.337)",Worried
597,0.51154688,0.32610500000000003,0.013591871936359653,"(0.498, 0.325)",Enthusianstic
598,0.61154688,0.5511050000000001,0.19065538403814972,"(0.7, 0.72)",Excited
599,0.01154688,0.026105,0.28965939146303266,"(-0.035, 0.312)",Impatient
600,-0.26345312,0.22610500000000003,0.0775892921912193,"(-0.33, 0.266)",Suspicious
601,0.28654688,0.32610500000000003,0.1382508815983985,"(0.42, 0.29)",Light Hearted
602,0.13654688,0.001105,0.19492870045925612,"(0.32, 0.067)",Expectant
603,0.53654688,0.351105,0.04655462364507306,"(0.498, 0.325)",Enthusianstic
605,0.78654688,0.6761050000000001,0.09704191600918848,"(0.7, 0.72)",Excited
606,0.66154688,0.526105,0.19767122568227874,"(0.7, 0.72)",Excited
607,0.33654688,0.201105,0.0741898334189692,"(0.33299999999999996, 0.127)",Passionate
608,0.18654688,0.051105000000000005,0.13439637741670868,"(0.32, 0.067)",Expectant
609,-0.21345312,-0.048895,0.3019626305732787,"(-0.48, 0.09300000000000001)",Distrustful
611,0.26154688,-0.123895,0.13170810097611463,"(0.385, -0.078)",Impressed
612,-0.16345312,-0.323895,0.086452164476862,"(-0.078, -0.337)",Worried
613,0.08654688,0.301105,0.12203419628421536,"(-0.035, 0.312)",Impatient
614,-0.51345312,-0.09889500000000001,0.19478912254726755,"(-0.48, 0.09300000000000001)",Distrustful
615,0.38654688,0.27610500000000004,0.03622405640916542,"(0.42, 0.29)",Light Hearted
616,0.63654688,0.501105,0.22407188351672866,"(0.498, 0.325)",Enthusianstic
617,0.68654688,0.5511050000000001,0.1694299485413791,"(0.7, 0.72)",Excited
621,-0.36345312,0.026105,0.13438049063288315,"(-0.48, 0.09300000000000001)",Distrustful
622,0.53654688,0.27610500000000004,0.06226221151496623,"(0.498, 0.325)",Enthusianstic
623,0.61154688,0.476105,0.18901220855472378,"(0.498, 0.325)",Enthusianstic
624,0.06154688,0.026105,0.2616685236377016,"(0.32, 0.067)",Expectant
625,0.41154688,0.22610500000000003,0.06445173591715271,"(0.42, 0.29)",Light Hearted
626,0.78654688,0.476105,0.1490431369192638,"(0.88, 0.36)",Delighted
627,0.13654688,0.27610500000000004,0.17526204113479452,"(-0.035, 0.312)",Impatient
628,0.13654688,0.17610499999999998,0.2024972330248845,"(0.33299999999999996, 0.127)",Passionate
629,0.33654688,0.051105000000000005,0.022944503976647643,"(0.32, 0.067)",Expectant
630,0.21154688,0.476105,0.21349092313898124,"(0.42, 0.43)",Convinced
631,0.01154688,0.051105000000000005,0.2650147412177941,"(-0.035, 0.312)",Impatient
632,0.63654688,0.301105,0.14059235037061726,"(0.498, 0.325)",Enthusianstic
634,-0.63845312,-0.598895,0.21282574905949322,"(-0.45, -0.5)",Ashamed
635,0.18654688,0.576105,0.2562276969079151,"(0.43, 0.6559999999999999)",Ambitious
636,0.43654688,0.426105,0.016999125352040945,"(0.42, 0.43)",Convinced
637,0.46154688,0.22610500000000003,0.07621492152285138,"(0.42, 0.29)",Light Hearted
638,0.46154688,0.476105,0.062062986253759986,"(0.42, 0.43)",Convinced
639,0.46154688,0.301105,0.04300539806506157,"(0.42, 0.29)",Light Hearted
643,0.01154688,0.101105,0.21597063009292353,"(-0.035, 0.312)",Impatient
644,0.38654688,0.45110500000000003,0.039554168714996424,"(0.42, 0.43)",Convinced
645,0.11154688,0.151105,0.21763085503378055,"(-0.035, 0.312)",Impatient
646,0.63654688,0.501105,0.22407188351672866,"(0.498, 0.325)",Enthusianstic
647,0.03654688,0.151105,0.17608565263170764,"(-0.035, 0.312)",Impatient
648,0.28654688,0.32610500000000003,0.1382508815983985,"(0.42, 0.29)",Light Hearted
649,-0.21345312,-0.448895,0.1756930241720894,"(-0.078, -0.337)",Worried
650,0.18654688,0.001105,0.14883509755005506,"(0.32, 0.067)",Expectant
651,0.56154688,0.476105,0.14886635033725518,"(0.42, 0.43)",Convinced
652,0.01154688,0.27610500000000004,0.05877978447335783,"(-0.035, 0.312)",Impatient
653,0.06154688,0.251105,0.11414683991567351,"(-0.035, 0.312)",Impatient
654,0.68654688,0.6761050000000001,0.04591031978471062,"(0.7, 0.72)",Excited
656,-0.11345312,-0.24889499999999998,0.09497059935966715,"(-0.078, -0.337)",Worried
657,0.11154688,-0.048895,0.23850441141147558,"(0.32, 0.067)",Expectant
659,-0.31345312,-0.323895,0.22284079846997143,"(-0.45, -0.5)",Ashamed
660,0.58654688,0.576105,0.1757559007906545,"(0.43, 0.6559999999999999)",Ambitious
661,0.18654688,0.026105,0.13957842334234327,"(0.32, 0.067)",Expectant
662,0.26154688,-0.023895,0.10806788728727143,"(0.32, 0.067)",Expectant
665,0.41154688,0.426105,0.00930732307027104,"(0.42, 0.43)",Convinced
666,0.26154688,0.32610500000000003,0.1625144986231518,"(0.42, 0.29)",Light Hearted
668,0.36154688,0.22610500000000003,0.08659871975228266,"(0.42, 0.29)",Light Hearted
670,-0.38845312,-0.22389499999999998,0.2828815820493346,"(-0.45, -0.5)",Ashamed
671,0.26154688,-0.24889499999999998,0.18974584755070245,"(0.23, -0.436)",Longing
672,0.01154688,-0.148895,0.20833179004351304,"(-0.078, -0.337)",Worried
673,-0.06345312,-0.673895,0.0276868622767984,"(-0.038, -0.6629999999999999)",Melancholic
674,-0.31345312,-0.5738949999999999,0.026913429040804196,"(-0.32, -0.6)",Embarrassed
675,-0.46345312,-0.47389499999999996,0.029367626099744627,"(-0.45, -0.5)",Ashamed
676,0.01154688,-0.123895,0.23115446078917537,"(-0.078, -0.337)",Worried
677,0.03654688,-0.34889499999999996,0.11516283577063564,"(-0.078, -0.337)",Worried
678,0.48654688,0.651105,0.05675835324191851,"(0.43, 0.6559999999999999)",Ambitious
679,0.31154688,0.126105,0.021471781079696144,"(0.33299999999999996, 0.127)",Passionate
681,0.51154688,0.32610500000000003,0.013591871936359653,"(0.498, 0.325)",Enthusianstic
682,0.46154688,0.151105,0.13078742822891812,"(0.33299999999999996, 0.127)",Passionate
683,-0.61345312,0.40110500000000004,0.025537420831681503,"(-0.59, 0.391)",Frustrated
684,-0.33845312,-0.173895,0.3021067034389247,"(-0.48, 0.09300000000000001)",Distrustful
685,0.16154688,0.40110500000000004,0.2158017077382253,"(-0.035, 0.312)",Impatient
686,0.11154688,0.376105,0.15995449059884,"(-0.035, 0.312)",Impatient
688,-0.16345312,-0.148895,0.20660524374452457,"(-0.078, -0.337)",Worried
689,-0.23845312,-0.373895,0.16464034967994448,"(-0.078, -0.337)",Worried
692,-0.08845312,-0.048895,0.288294569395149,"(-0.078, -0.337)",Worried
693,0.11154688,-0.273895,0.19977552588526554,"(-0.078, -0.337)",Worried
694,-0.31345312,-0.398895,0.16990371232770168,"(-0.45, -0.5)",Ashamed
697,0.31154688,-0.09889500000000001,0.07636728267219149,"(0.385, -0.078)",Impressed
698,-0.36345312,-0.548895,0.06708125418277745,"(-0.32, -0.6)",Embarrassed
699,0.33654688,0.476105,0.09534198583380986,"(0.42, 0.43)",Convinced
700,-0.38845312,-0.123895,0.23542360175380547,"(-0.48, 0.09300000000000001)",Distrustful
703,0.002455971,0.017014091000000002,0.2973543950778416,"(-0.035, 0.312)",Impatient
704,0.16154688,0.32610500000000003,0.1970523459965255,"(-0.035, 0.312)",Impatient
705,-0.71345312,-0.19889500000000002,0.19156059997487584,"(-0.8, -0.027999999999999997)",Disappointed
706,-0.28845312,0.151105,0.1221761198546361,"(-0.33, 0.266)",Suspicious
707,-0.46345312,-0.47389499999999996,0.029367626099744627,"(-0.45, -0.5)",Ashamed
708,0.23654688,0.101105,0.09015306019617084,"(0.32, 0.067)",Expectant
710,0.48654688,0.476105,0.08095775603816106,"(0.42, 0.43)",Convinced
711,-0.03845312,0.27610500000000004,0.03606071356385501,"(-0.035, 0.312)",Impatient
713,0.28654688,0.40110500000000004,0.13654543662361768,"(0.42, 0.43)",Convinced
715,-0.43845312,-0.023895,0.12405879357278309,"(-0.48, 0.09300000000000001)",Distrustful
716,-0.08845312,-0.023895,0.31327944194079255,"(-0.078, -0.337)",Worried
717,-0.01345312,0.301105,0.024144752281487585,"(-0.035, 0.312)",Impatient
718,-0.06345312,0.101105,0.2128057355024399,"(-0.035, 0.312)",Impatient
719,-0.03845312,0.051105000000000005,0.26091785117683,"(-0.035, 0.312)",Impatient
720,0.38654688,0.201105,0.09142657919190897,"(0.33299999999999996, 0.127)",Passionate
722,0.06154688,0.22610500000000003,0.12922558207543272,"(-0.035, 0.312)",Impatient
726,0.38654688,0.351105,0.06966299062439398,"(0.42, 0.29)",Light Hearted
727,0.01154688,-0.123895,0.23115446078917537,"(-0.078, -0.337)",Worried
728,-0.21345312,-0.523895,0.13093589524165786,"(-0.32, -0.6)",Embarrassed
729,-0.03845312,-0.273895,0.07447279196279943,"(-0.078, -0.337)",Worried
730,0.01154688,0.07610499999999999,0.24044347165754867,"(-0.035, 0.312)",Impatient
731,0.28654688,0.32610500000000003,0.1382508815983985,"(0.42, 0.29)",Light Hearted
732,0.18654688,0.151105,0.1484236079022956,"(0.33299999999999996, 0.127)",Passionate
733,-0.08845312,0.126105,0.19342747235781788,"(-0.035, 0.312)",Impatient
734,0.58654688,0.576105,0.1757559007906545,"(0.43, 0.6559999999999999)",Ambitious
736,-0.11345312,-0.24889499999999998,0.09497059935966715,"(-0.078, -0.337)",Worried
738,0.08654688,0.351105,0.12768259498747042,"(-0.035, 0.312)",Impatient
739,0.28654688,0.301105,0.13391436167467027,"(0.42, 0.29)",Light Hearted
740,0.5024559710000001,0.426105,0.08254791444096485,"(0.42, 0.43)",Convinced
741,-0.13845312,-0.22389499999999998,0.12824710812620457,"(-0.078, -0.337)",Worried
742,0.36154688,0.376105,0.07950747299929985,"(0.42, 0.43)",Convinced
743,0.61154688,0.376105,0.12451752881716857,"(0.498, 0.325)",Enthusianstic
744,0.53654688,0.376105,0.06401236585796839,"(0.498, 0.325)",Enthusianstic
745,0.41154688,0.151105,0.08216242074534079,"(0.33299999999999996, 0.127)",Passionate
746,0.23654688,0.501105,0.19675103116053652,"(0.42, 0.43)",Convinced
747,0.51154688,0.476105,0.10250123054253744,"(0.42, 0.43)",Convinced
748,-0.36345312,-0.148895,0.2685076651843191,"(-0.48, 0.09300000000000001)",Distrustful
749,-0.03845312,-0.09889500000000001,0.24136683024544694,"(-0.078, -0.337)",Worried
750,-0.28845312,-0.548895,0.06005769445070628,"(-0.32, -0.6)",Embarrassed
751,0.08654688,-0.023895,0.2505239714333429,"(0.32, 0.067)",Expectant
752,0.58654688,0.501105,0.18109054161588453,"(0.42, 0.43)",Convinced
753,0.43654688,0.17610499999999998,0.11460042488025256,"(0.33299999999999996, 0.127)",Passionate
754,0.21154688,0.526105,0.22954057214953177,"(0.42, 0.43)",Convinced
755,-0.06345312,0.17610499999999998,0.13884174827023177,"(-0.035, 0.312)",Impatient
757,0.23654688,-0.323895,0.11229600466060403,"(0.23, -0.436)",Longing
758,0.58654688,0.17610499999999998,0.17323472799278558,"(0.498, 0.325)",Enthusianstic
759,0.38654688,0.601105,0.07001167518874543,"(0.43, 0.6559999999999999)",Ambitious
760,0.48654688,0.40110500000000004,0.07254935053282284,"(0.42, 0.43)",Convinced
761,0.46154688,0.501105,0.0823532893255297,"(0.42, 0.43)",Convinced
763,-0.31345312,0.026105,0.17947925858642944,"(-0.48, 0.09300000000000001)",Distrustful
765,0.51154688,0.45110500000000003,0.09394813602586488,"(0.42, 0.43)",Convinced
767,-0.13845312,-0.048895,0.2943791275595714,"(-0.078, -0.337)",Worried
769,-0.03845312,-0.123895,0.2167433891557812,"(-0.078, -0.337)",Worried
770,0.03654688,0.151105,0.17608565263170764,"(-0.035, 0.312)",Impatient
771,-0.23845312,0.051105000000000005,0.23358230297420737,"(-0.33, 0.266)",Suspicious
772,0.58654688,0.151105,0.19514102844541537,"(0.498, 0.325)",Enthusianstic
773,0.41154688,0.22610500000000003,0.06445173591715271,"(0.42, 0.29)",Light Hearted
774,0.18654688,0.426105,0.23348561039758828,"(0.42, 0.43)",Convinced
775,-0.41345312,-0.123895,0.22687425650067572,"(-0.48, 0.09300000000000001)",Distrustful
776,0.18654688,-0.048895,0.17675233028940354,"(0.32, 0.067)",Expectant
777,-0.03845312,-0.123895,0.2167433891557812,"(-0.078, -0.337)",Worried
778,0.73654688,0.5511050000000001,0.17280392201201444,"(0.7, 0.72)",Excited
779,0.41154688,-0.24889499999999998,0.10992605634122603,"(0.51, -0.2)",Confident
780,-0.06345312,-0.19889500000000002,0.13886901289608997,"(-0.078, -0.337)",Worried
783,-0.13845312,-0.173895,0.17394775291085082,"(-0.078, -0.337)",Worried
784,-0.18845312,-0.373895,0.11645227667475805,"(-0.078, -0.337)",Worried
786,0.36154688,-0.173895,0.0987213242553725,"(0.385, -0.078)",Impressed
788,0.13654688,-0.023895,0.20473628955984916,"(0.32, 0.067)",Expectant
789,-0.38845312,-0.823895,0.06030054612301952,"(-0.34, -0.7879999999999999)",Bored
790,0.28654688,0.376105,0.1439250022155094,"(0.42, 0.43)",Convinced
791,0.48654688,0.351105,0.028506928679435096,"(0.498, 0.325)",Enthusianstic
792,0.61154688,0.17610499999999998,0.1872501401407604,"(0.498, 0.325)",Enthusianstic
793,0.33654688,0.201105,0.0741898334189692,"(0.33299999999999996, 0.127)",Passionate
794,0.06154688,0.07610499999999999,0.2548877224637044,"(-0.035, 0.312)",Impatient
796,0.11154688,-0.323895,0.1630909950387648,"(0.23, -0.436)",Longing
797,0.18654688,0.476105,0.23796224545657318,"(0.42, 0.43)",Convinced
798,0.38654688,0.126105,0.05355435913849032,"(0.33299999999999996, 0.127)",Passionate
799,0.43654688,0.001105,0.09441759297257266,"(0.385, -0.078)",Impressed
801,-0.41345312,-0.498895,0.03656358109833336,"(-0.45, -0.5)",Ashamed
803,0.28654688,0.426105,0.13350994817890685,"(0.42, 0.43)",Convinced
804,0.26154688,0.22610500000000003,0.12217753223377202,"(0.33299999999999996, 0.127)",Passionate
806,0.13654688,0.376105,0.1831332385525206,"(-0.035, 0.312)",Impatient
807,-0.41345312,-0.34889499999999996,0.15546187784384444,"(-0.45, -0.5)",Ashamed
808,-0.43845312,-0.5738949999999999,0.07479172054936556,"(-0.45, -0.5)",Ashamed
809,-0.71345312,0.22610500000000003,0.03971612094269026,"(-0.73, 0.19)",Insulted
810,-0.26345312,0.22610500000000003,0.0775892921912193,"(-0.33, 0.266)",Suspicious
812,0.51154688,0.301105,0.027467962842817467,"(0.498, 0.325)",Enthusianstic
813,0.26154688,0.27610500000000004,0.1590611903096868,"(0.42, 0.29)",Light Hearted
814,0.33654688,0.40110500000000004,0.08831389620401987,"(0.42, 0.43)",Convinced
815,-0.51345312,-0.448895,0.08147404164968372,"(-0.45, -0.5)",Ashamed
816,-0.48845312,-0.22389499999999998,0.2787698216499312,"(-0.45, -0.5)",Ashamed
818,-0.53845312,-0.798895,0.06922298074147339,"(-0.51, -0.862)",Dejected
820,0.23654688,0.126105,0.09645727231647386,"(0.33299999999999996, 0.127)",Passionate
821,0.48654688,0.426105,0.06666077004306509,"(0.42, 0.43)",Convinced
823,0.26154688,0.251105,0.14320474636943567,"(0.33299999999999996, 0.127)",Passionate
824,0.63654688,0.576105,0.15726432991220352,"(0.7, 0.72)",Excited
825,-0.01345312,0.601105,0.0799268151669663,"(-0.08199999999999999, 0.56)",Jealous
827,0.11154688,0.576105,0.1942157711998034,"(-0.08199999999999999, 0.56)",Jealous
828,0.21154688,0.126105,0.12145641762679481,"(0.33299999999999996, 0.127)",Passionate
829,0.51154688,0.5511050000000001,0.13286404578641423,"(0.43, 0.6559999999999999)",Ambitious
830,0.46154688,0.126105,0.1285499956543539,"(0.33299999999999996, 0.127)",Passionate
831,0.58654688,0.751105,0.11763983790678391,"(0.7, 0.72)",Excited
832,0.61154688,0.17610499999999998,0.1872501401407604,"(0.498, 0.325)",Enthusianstic
833,0.51154688,0.32610500000000003,0.013591871936359653,"(0.498, 0.325)",Enthusianstic
834,0.68654688,0.5511050000000001,0.1694299485413791,"(0.7, 0.72)",Excited
835,0.23654688,0.151105,0.09941959254962975,"(0.33299999999999996, 0.127)",Passionate
836,0.68654688,0.501105,0.2193080196042415,"(0.7, 0.72)",Excited
837,0.38654688,0.376105,0.06343328986214097,"(0.42, 0.43)",Convinced
839,0.41154688,0.17610499999999998,0.09263321965004997,"(0.33299999999999996, 0.127)",Passionate
842,0.11154688,-0.373895,0.13374667346418156,"(0.23, -0.436)",Longing
844,0.48654688,0.426105,0.06666077004306509,"(0.42, 0.43)",Convinced
846,0.76154688,0.001105,0.21075314342313947,"(0.9, 0.16)",Happy
847,-0.06345312,0.45110500000000003,0.1104631512439076,"(-0.08199999999999999, 0.56)",Jealous
848,0.33654688,-0.048895,0.05652261372879355,"(0.385, -0.078)",Impressed
850,0.46154688,0.151105,0.13078742822891812,"(0.33299999999999996, 0.127)",Passionate
851,-0.16345312,-0.24889499999999998,0.12273844851037677,"(-0.078, -0.337)",Worried
852,-0.11345312,-0.173895,0.16691364456728638,"(-0.078, -0.337)",Worried
853,0.21154688,0.17610499999999998,0.13100443268353323,"(0.33299999999999996, 0.127)",Passionate
854,0.58654688,0.501105,0.18109054161588453,"(0.42, 0.43)",Convinced
855,0.66154688,0.476105,0.22266634901289953,"(0.498, 0.325)",Enthusianstic
857,0.26154688,-0.648895,0.03497665882748664,"(0.23, -0.664)",Serious
858,0.16154688,0.151105,0.17313931784183043,"(0.33299999999999996, 0.127)",Passionate
859,0.08654688,0.376105,0.1374157744319567,"(-0.035, 0.312)",Impatient
860,0.26154688,0.201105,0.1029422138033489,"(0.33299999999999996, 0.127)",Passionate
861,0.43654688,0.45110500000000003,0.02681828224801885,"(0.42, 0.43)",Convinced
862,0.68654688,0.626105,0.09485387426317594,"(0.7, 0.72)",Excited
863,0.06154688,0.17610499999999998,0.16669958327102802,"(-0.035, 0.312)",Impatient
864,-0.111180393,-0.255713182,0.08779797981844217,"(-0.078, -0.337)",Worried
865,0.68654688,0.501105,0.2193080196042415,"(0.7, 0.72)",Excited
868,0.31154688,0.17610499999999998,0.05358672767331847,"(0.33299999999999996, 0.127)",Passionate
869,-0.18845312,-0.048895,0.3085520746044894,"(-0.078, -0.337)",Worried
870,0.21154688,0.051105000000000005,0.10961172502398821,"(0.32, 0.067)",Expectant
871,0.41154688,0.22610500000000003,0.06445173591715271,"(0.42, 0.29)",Light Hearted
876,0.46154688,0.476105,0.062062986253759986,"(0.42, 0.43)",Convinced
879,-0.11345312,0.201105,0.1358403219325337,"(-0.035, 0.312)",Impatient
880,0.26154688,0.001105,0.08808472207332213,"(0.32, 0.067)",Expectant
881,0.08654688,0.126105,0.2221049190421824,"(-0.035, 0.312)",Impatient
882,0.61154688,0.126105,0.2290242672354491,"(0.498, 0.325)",Enthusianstic
883,0.63654688,0.376105,0.14767179481110945,"(0.498, 0.325)",Enthusianstic
884,0.33654688,0.45110500000000003,0.08608045226841225,"(0.42, 0.43)",Convinced
885,-0.23845312,-0.09889500000000001,0.28712226444971906,"(-0.078, -0.337)",Worried
886,-0.03845312,0.376105,0.06419793659249808,"(-0.035, 0.312)",Impatient
888,0.26154688,0.27610500000000004,0.1590611903096868,"(0.42, 0.29)",Light Hearted
889,0.58654688,0.426105,0.1343978086976659,"(0.498, 0.325)",Enthusianstic
890,0.48654688,0.501105,0.09738792667848725,"(0.42, 0.43)",Convinced
892,0.23654688,0.22610500000000003,0.13829318632070925,"(0.33299999999999996, 0.127)",Passionate
894,-0.33845312,-0.323895,0.20846025391602688,"(-0.45, -0.5)",Ashamed
895,0.18654688,-0.048895,0.17675233028940354,"(0.32, 0.067)",Expectant
896,0.434274153,0.198832273,0.09227841508291056,"(0.42, 0.29)",Light Hearted
897,-0.31345312,0.051105000000000005,0.17173541935993986,"(-0.48, 0.09300000000000001)",Distrustful
900,0.21154688,0.001105,0.12690244388007035,"(0.32, 0.067)",Expectant
903,0.43654688,0.126105,0.10355074786178231,"(0.33299999999999996, 0.127)",Passionate
904,0.31154688,0.051105000000000005,0.0180029515006401,"(0.32, 0.067)",Expectant
905,-0.13845312,0.07610499999999999,0.25758299451387395,"(-0.035, 0.312)",Impatient
906,-0.43845312,-0.19889500000000002,0.2948369621718661,"(-0.48, 0.09300000000000001)",Distrustful
907,-0.08845312,0.051105000000000005,0.2663145453457892,"(-0.035, 0.312)",Impatient
908,0.41154688,0.251105,0.03980296801413679,"(0.42, 0.29)",Light Hearted
909,0.56154688,0.251105,0.09746115627640786,"(0.498, 0.325)",Enthusianstic
911,-0.03845312,-0.29889499999999997,0.05491763599003879,"(-0.078, -0.337)",Worried
913,-0.38845312,-0.523895,0.06602264356063307,"(-0.45, -0.5)",Ashamed
915,0.28654688,0.07610499999999999,0.034670048496279894,"(0.32, 0.067)",Expectant
916,-0.66345312,-0.398895,0.16657203925849737,"(-0.83, -0.396)",Sad
917,0.38654688,0.251105,0.0513023611808891,"(0.42, 0.29)",Light Hearted
918,-0.28845312,0.201105,0.07705520269738055,"(-0.33, 0.266)",Suspicious
919,0.11154688,0.40110500000000004,0.17151002612889546,"(-0.035, 0.312)",Impatient
921,-0.13845312,0.051105000000000005,0.28065770800520407,"(-0.035, 0.312)",Impatient
922,0.43654688,0.40110500000000004,0.03329745129487238,"(0.42, 0.43)",Convinced
924,0.13654688,0.22610500000000003,0.191849636597869,"(-0.035, 0.312)",Impatient
925,0.08654688,0.151105,0.20164534475840104,"(-0.035, 0.312)",Impatient
926,-0.58845312,-0.09889500000000001,0.22042180078824877,"(-0.48, 0.09300000000000001)",Distrustful
927,0.03654688,0.22610500000000003,0.11178956598329916,"(-0.035, 0.312)",Impatient
928,0.58654688,0.576105,0.1757559007906545,"(0.43, 0.6559999999999999)",Ambitious
929,0.11154688,-0.398895,0.12412865367325307,"(0.23, -0.436)",Longing
931,-0.21345312,-0.073895,0.2959253093987306,"(-0.078, -0.337)",Worried
932,0.31154688,0.251105,0.11521675339434967,"(0.42, 0.29)",Light Hearted
933,0.53654688,0.40110500000000004,0.08531021616860668,"(0.498, 0.325)",Enthusianstic
934,-0.11345312,-0.29889499999999997,0.05204723568773278,"(-0.078, -0.337)",Worried
935,-0.065725847,-0.301167727,0.03787620123790056,"(-0.078, -0.337)",Worried
936,-0.26345312,-0.173895,0.24697388676282034,"(-0.078, -0.337)",Worried
937,0.11154688,0.101105,0.21122465353915107,"(0.32, 0.067)",Expectant
938,0.36154688,0.426105,0.05858274714226362,"(0.42, 0.43)",Convinced
939,0.36154688,0.251105,0.07021102664634946,"(0.42, 0.29)",Light Hearted
940,0.16154688,-0.073895,0.21203488454198852,"(0.32, 0.067)",Expectant
941,-0.83845312,-0.47389499999999996,0.018658810860673853,"(-0.826, -0.46)",Depressed
943,0.16154688,-0.09889500000000001,0.22442793467555328,"(0.385, -0.078)",Impressed
945,0.26154688,0.07610499999999999,0.059157994072943365,"(0.32, 0.067)",Expectant
946,-0.23845312,-0.273895,0.17241648628461956,"(-0.078, -0.337)",Worried
948,-0.11345312,-0.273895,0.07238207473355819,"(-0.078, -0.337)",Worried
950,0.31154688,0.301105,0.10902018282288098,"(0.42, 0.29)",Light Hearted
951,0.16154688,0.426105,0.22726774311972742,"(-0.035, 0.312)",Impatient
952,-0.03845312,-0.09889500000000001,0.24136683024544694,"(-0.078, -0.337)",Worried
953,-0.41345312,0.026105,0.09435797932731708,"(-0.48, 0.09300000000000001)",Distrustful
957,-0.03845312,-0.398895,0.07345030117524637,"(-0.078, -0.337)",Worried
958,0.56154688,0.651105,0.13163792258591137,"(0.43, 0.6559999999999999)",Ambitious
959,0.51154688,-0.173895,0.026150790862503586,"(0.51, -0.2)",Confident
962,0.18654688,-0.673895,0.04456550978878623,"(0.23, -0.664)",Serious
964,-0.01345312,0.126105,0.18713957107660156,"(-0.035, 0.312)",Impatient
965,-0.08845312,0.001105,0.31545671186825996,"(-0.035, 0.312)",Impatient
966,0.06154688,-0.173895,0.214654542795475,"(-0.078, -0.337)",Worried
967,0.26154688,-0.048895,0.12683758852459473,"(0.385, -0.078)",Impressed
968,-0.11345312,-0.273895,0.07238207473355819,"(-0.078, -0.337)",Worried
969,-0.06345312,-0.723895,0.06600047229175261,"(-0.038, -0.6629999999999999)",Melancholic
970,0.31154688,-0.09889500000000001,0.07636728267219149,"(0.385, -0.078)",Impressed
971,0.08654688,0.026105,0.2370079329109775,"(0.32, 0.067)",Expectant
973,0.06154688,0.126105,0.2094713609607156,"(-0.035, 0.312)",Impatient
974,0.16154688,0.101105,0.16208189986156504,"(0.32, 0.067)",Expectant
978,0.28654688,0.376105,0.1439250022155094,"(0.42, 0.43)",Convinced
979,-0.36345312,-0.048895,0.18362289144530536,"(-0.48, 0.09300000000000001)",Distrustful
980,0.18654688,0.376105,0.2306349302745237,"(-0.035, 0.312)",Impatient
981,0.51154688,0.126105,0.17854912316428334,"(0.33299999999999996, 0.127)",Passionate
983,0.46154688,-0.073895,0.07665687094275632,"(0.385, -0.078)",Impressed
984,0.56154688,0.40110500000000004,0.09914724899226605,"(0.498, 0.325)",Enthusianstic
985,0.41154688,0.32610500000000003,0.03708134656042582,"(0.42, 0.29)",Light Hearted
989,0.06154688,-0.448895,0.14458847347812478,"(0.03, -0.59)",Pensive
992,-0.16345312,-0.34889499999999996,0.08627703485131138,"(-0.078, -0.337)",Worried
993,0.63654688,0.45110500000000003,0.18734382557942605,"(0.498, 0.325)",Enthusianstic
996,0.66154688,0.051105000000000005,0.2621412051981421,"(0.9, 0.16)",Happy
997,0.33654688,0.251105,0.09207195155276332,"(0.42, 0.29)",Light Hearted
999,0.66154688,0.476105,0.22266634901289953,"(0.498, 0.325)",Enthusianstic
1000,0.23654688,0.07610499999999999,0.08394834282303852,"(0.32, 0.067)",Expectant
